组号,n_f,轴,反解f_Hz,有效帧,HI_hit_t50,HI_hit_t85,HI_hit_尾段单调,HI_ch1_t50,HI_ch1_t85,HI_ch1_尾段单调,HI_ch2_t50,HI_ch2_t85,HI_ch2_尾段单调,HI_eng_t50,HI_eng_t85,HI_eng_尾段单调
L1-06,202300,cycle,1.117,303,68.2,94.0,1.0,64.2,91.7,1.0,73.5,95.4,1.0,70.5,94.7,1.0
L1-13,243000,cycle,1.126,360,68.1,93.1,1.0,63.9,92.0,1.0,83.4,97.0,1.0,62.6,95.1,1.0
L1-14,217000,cycle,1.148,315,53.0,83.8,1.0,53.7,85.1,1.0,51.4,81.0,1.0,47.6,86.7,1.0
L1-24,242000,cycle,1.075,414,84.0,96.5,1.0,84.5,96.8,1.0,84.0,96.2,1.0,65.3,98.4,1.0
L1-25,1580000,cycle,1.886,1668,60.6,93.9,1.0,64.1,94.8,1.0,53.6,92.2,1.0,37.3,58.8,1.0
L1-27,529000,cycle,1.89,556,48.4,83.3,1.0,54.3,88.0,1.0,47.8,82.6,1.0,61.7,90.6,1.0
L1-29,1300000,cycle,1.821,1485,55.7,94.2,1.0,50.4,93.3,1.0,66.5,95.5,1.0,15.8,21.1,1.0
L1-30,10150,cycle,1.471,13,43.5,100.0,1.0,43.5,100.0,1.0,43.5,100.0,1.0,43.5,91.3,1.0
L1-31,966000,cycle,2.119,983,68.3,89.6,1.0,69.2,89.6,1.0,49.3,90.3,1.0,69.1,92.8,1.0
L1-35,452000,cycle,1.872,527,55.5,89.6,1.0,51.8,87.0,1.0,85.7,97.3,1.0,81.0,96.3,1.0
L1-36,4500,cycle,1.667,5,55.6,100.0,1.0,55.6,100.0,1.0,55.6,77.8,1.0,55.6,77.8,1.0
L1-41,1820000,cycle,1.857,1875,78.5,99.1,1.0,65.3,98.8,1.0,83.1,99.3,1.0,44.5,79.6,1.0
L1-44,1160000,cycle,1.891,1194,54.6,87.8,1.0,53.4,87.0,1.0,72.5,93.5,1.0,61.0,88.9,1.0
