gid,n_f,n_load_rows,n_load_levels,min_load,max_load,freq,impact_J,impact_stiffener,impact_loc,anomaly,n_seg,n_ai,seg_cv,seg_x500_over_nf,site
L1-49,43702,2,1,-6.5,-65.0,2.0,10,right,right缘内5cmxtop缘8cm,-,125,110,5.6,1.43,right·right缘内5cmxtop缘8cm
L1-50,60500,2,1,-6.5,-65.0,2.0,10,right,right缘内5cmxtop缘8cm,-,157,140,4.03,1.3,right·right缘内5cmxtop缘8cm
L1-51,89431,2,1,-6.5,-65.0,2.0,10,right,right缘内5cmxtop缘8cm,-,317,301,1.38,1.77,right·right缘内5cmxtop缘8cm
L1-52,368558,1,1,-6.5,-65.0,2.0,10,right,left缘内5cmxtop缘8cm,PA重启; 前期测量缺失; 计数重置,876,876,3.75,1.19,right·left缘内5cmxtop缘8cm
L1-54,510961,1,1,-6.5,-65.0,2.0,10,right,left缘内5cmxtop缘8cm,PA重启; 计数重置,1240,1240,2.48,1.21,right·left缘内5cmxtop缘8cm
L1-55,221356,2,1,-6.5,-65.0,2.0,10,left,left缘内5cmxbottom缘8cm,-,477,461,0.78,1.08,left·left缘内5cmxbottom缘8cm
L1-56,751226,2,1,-6.5,-65.0,2.0,10,right,left缘内5cmxtop缘8cm,前期测量缺失,409,397,14.49,0.27,right·left缘内5cmxtop缘8cm
L1-59,105137,2,1,-6.5,-65.0,2.0,10,right,left缘内5cmxtop缘8cm,机器故障保载,280,266,7.49,1.33,right·left缘内5cmxtop缘8cm
L1-60,165884,2,1,-6.5,-65.0,2.0,10,left,left缘内5cmxbottom缘8cm,-,384,372,1.39,1.16,left·left缘内5cmxbottom缘8cm
L1-03,152458,,1,-6.5,-65.0,2.0,10.0,,stiffener foot (right) 5cm from right edge 8cm from bottom,-,,,,,无标注·impact_location
L1-04,280098,,1,-6.5,-65.0,2.0,10.0,,on skin near right side as seen from stiffener. 2.5 cm from right edge x 8 cm from bottom,-,,,,,无标注·impact_location
L1-05,144969,,1,-6.5,-65.0,2.0,10.0,,on stiffener (left stiffener). 5 cm from left edge x 8 cm from top,-,,,,,无标注·impact_location
L1-09,133281,,1,-6.5,-65.0,2.0,10.0,,on stiffener (centre). 8.25 from edge x 10 cm from top right,-,,,,,无标注·impact_location
L1-06,202300,,5,-6.0,-60.0,1.1171,7.4,,impact_center,-,,,,,无标注·impact_center
L1-13,243000,,4,-5.5,-55.0,1.126,10.0,,impact_center,-,,,,,无标注·impact_center
L1-14,217000,,3,-5.0,-50.0,1.1481,10.0,,impact_center,-,,,,,无标注·impact_center
L1-24,242000,,5,-6.0,-60.0,1.0753,7.37,,impact_center,-,,,,,无标注·impact_center
L1-25,1580000,,2,-50.4,-78.0,1.8857,10.0,,impact_center,-,,,,,skin·impact_center
L1-27,529000,,2,-50.4,-78.0,1.89,10.0,,impact_center,-,,,,,skin·impact_center
L1-29,1300000,,4,-55.2,-82.0,1.8215,10.0,,impact_center,-,,,,,skin·impact_center
L1-30,10150,,2,-45.9,-78.0,1.471,10.0,,impact_center,-,,,,,skin·impact_center
L1-31,966000,,2,-50.4,-78.0,2.1191,10.0,,impact_center,-,,,,,skin·impact_center
L1-34,1400,,1,-45.9,-78.0,1.5556,15.0,,impact_center,-,,,,,skin·impact_center
L1-35,452000,,5,-50.5,-78.0,1.8716,12.3,,impact_center,-,,,,,skin·impact_center
L1-36,4500,,1,-45.9,-78.0,1.6667,10.0,,impact_center,-,,,,,skin·impact_center
L1-41,1820000,,2,-45.9,-78.0,1.857,,,disbond_lower_edge,-,,,,,skin·disbond_lower_edge·脱粘 20x20
L1-44,1160000,,2,-55.2,-78.0,1.8912,,,disbond_lower_edge,-,,,,,skin·disbond_lower_edge·脱粘 25x20
L1-22,345000,,6,-6.0,-60.0,0.9991,,,disbond_lower_edge,-,,,,,无标注·disbond_lower_edge·脱粘 25
L1-23,438000,,6,-6.0,-60.0,2.0,,,disbond_location,-,,,,,无标注·disbond_location
