gid,n_f,n_blk,base_prof_nan,spike_fix,rmse_end,local_scale,HI_end,tail_mono,warn25,warn50,warn70
L1-03,152458,30,0,0,344.7,1026.7,1.0,100.0,7622.9,7622.9,7622.9
L1-04,280098,56,0,7,548.5,3982.4,1.0,100.0,32511.4,32511.4,32511.4
L1-05,144969,29,0,5,562.3,3966.2,1.0,100.0,17496.3,17496.3,17496.3
L1-09,133281,28,19,273,529.0,2351.9,1.0,100.0,7140.1,7140.1,11900.1
L1-49,43702,90,0,2,92.0,213.0,1.0,100.0,273.1,273.1,273.1
L1-50,60500,133,1,129,115.4,190.1,1.0,100.0,248.0,248.0,248.0
L1-51,89431,190,0,15,128.7,210.5,1.0,100.0,249.8,249.8,249.8
L1-52,368558,744,0,2535,126.4,262.1,1.0,100.0,247.7,247.7,247.7
L1-54,510961,1022,0,35,301.4,580.4,1.0,100.0,250.0,250.0,250.0
L1-55,221356,454,0,415,98.6,106.7,1.0,100.0,249.8,249.8,249.8
L1-56,751226,383,0,1,69.3,30.6,1.0,100.0,1009.7,3029.1,9087.4
L1-59,105137,223,0,0,87.4,79.2,1.0,100.0,249.1,249.1,249.1
L1-60,165884,343,1,111,88.8,166.3,1.0,100.0,249.8,249.8,249.8
