caliber,n_group,rho_med,fail_min,fail_max,fail_span,fail_cv,loso_min,loso_med,loso_max,loso_eff90,loso_hit,gid,rho,fail,loso_pct
median,,,,,,,,,,,,L1-49,0.542,1320.4,97.7
median,,,,,,,,,,,,L1-50,0.603,1518.0,0.4
median,,,,,,,,,,,,L1-51,0.824,1366.2,0.2
median,,,,,,,,,,,,L1-52,-0.292,370.0,5.1
median,,,,,,,,,,,,L1-54,0.646,1228.6,
median,,,,,,,,,,,,L1-55,0.767,206.9,
median,,,,,,,,,,,,L1-56,0.734,1347.9,99.1
median,,,,,,,,,,,,L1-59,0.669,1372.6,99.1
median,,,,,,,,,,,,L1-60,0.805,1215.3,
peak,,,,,,,,,,,,L1-49,0.53,2074.6,
peak,,,,,,,,,,,,L1-50,0.366,2602.4,0.4
peak,,,,,,,,,,,,L1-51,0.832,2575.9,0.2
peak,,,,,,,,,,,,L1-52,-0.398,965.9,5.2
peak,,,,,,,,,,,,L1-54,0.707,2230.8,
peak,,,,,,,,,,,,L1-55,0.871,384.3,0.1
peak,,,,,,,,,,,,L1-56,0.205,2401.6,99.1
peak,,,,,,,,,,,,L1-59,0.675,2496.8,53.9
peak,,,,,,,,,,,,L1-60,0.865,2215.1,
amp,,,,,,,,,,,,L1-49,-0.002,1393.5,
amp,,,,,,,,,,,,L1-50,0.381,1853.1,0.4
amp,,,,,,,,,,,,L1-51,0.851,1960.5,0.2
amp,,,,,,,,,,,,L1-52,-0.531,485.2,18.0
amp,,,,,,,,,,,,L1-54,0.671,1652.0,
amp,,,,,,,,,,,,L1-55,0.872,298.6,0.1
amp,,,,,,,,,,,,L1-56,0.814,1834.5,0.4
amp,,,,,,,,,,,,L1-59,0.684,1902.5,1.3
amp,,,,,,,,,,,,L1-60,0.839,1595.9,
peakavg,,,,,,,,,,,,L1-49,0.442,2422.1,97.7
peakavg,,,,,,,,,,,,L1-50,0.604,2542.6,0.4
peakavg,,,,,,,,,,,,L1-51,0.825,2507.3,0.2
peakavg,,,,,,,,,,,,L1-52,-0.373,860.1,6.0
peakavg,,,,,,,,,,,,L1-54,0.725,2170.7,37.4
peakavg,,,,,,,,,,,,L1-55,0.879,366.9,
peakavg,,,,,,,,,,,,L1-56,0.819,2364.4,99.1
peakavg,,,,,,,,,,,,L1-59,0.686,2437.9,99.1
peakavg,,,,,,,,,,,,L1-60,0.867,2157.7,
