组号,加载窗,shapeL1中位,末段L1,rho_shapeL1_vs_窗序,质心漂移
L1-06,1079,0.35796073430547914,0.5382096636308255,0.8626861854916933,-0.645330779465664
L1-13,848,0.20204654246859274,0.24296581355511984,0.25258633928605867,0.12972932843322393
L1-14,1010,0.21808117854967352,0.21416629316378205,-0.2125092809134163,0.01497535121614435
L1-22,2163,0.30712800357686526,0.32296334748828504,0.1518455540983354,0.04429488034965168
L1-24,2256,0.39253699393084474,0.45742138927443154,0.698256814164919,0.29119749817876617
L1-25,4026,0.43110636122198426,0.5405010875843794,0.8440394425489834,0.5026428174570521
L1-27,1318,0.19233564120086205,0.19586207999098473,0.01666321447057802,-0.08058704483379575
L1-29,3378,0.5453110306832499,0.5896179072431417,0.5893656580276699,-0.14516256584262166
L1-30,51,1.4581141484279496,1.4565656606325774,-0.017918552036199093,0.14838067685849232
L1-31,2280,0.5630288462062301,0.5312901000092488,-0.5594999567731284,-0.0051342664218632095
L1-35,1941,0.16517236730105983,0.6436932231172423,0.9397926096214033,1.4358701860083798
L1-36,19,0.41346998799762696,0.4200011643918395,0.06666666666666667,-0.09445087612050163
L1-41,4679,0.4298059643370196,0.45355317828885633,0.6890690491021481,-0.2978750173770566
L1-44,3712,0.41534691043936617,0.4994331242012049,0.6878670133503336,-0.5339591281620768
