gid,variant,n_bin,n_f,cov,mon,hi_init,hi_half,hi_fail,t_thr_pct,t50_pct,t85_pct
L1-49,cum_hits,86,43702,0.993,0.882,0.0,1242107.0,3617905.0,,58.9,82.9
L1-49,cum_energy,86,43702,0.993,0.882,0.0,84475523676305.0,221452841262444.0,,50.9,72.7
L1-49,win1_hits,86,43702,0.993,0.106,0.0,126619.0,36997.0,15.4,37.2,37.2
L1-49,win1_energy,86,43702,0.993,0.012,0.0,7992655860351.0,1417708317816.0,13.2,50.9,50.9
L1-49,win10_hits,86,43702,0.993,0.318,0.0,715065.0,417104.0,52.1,40.6,45.2
L1-49,win10_energy,86,43702,0.993,0.129,0.0,34746037904225.0,14119220893550.0,,50.9,55.5
L1-50,cum_hits,120,60500,0.996,0.933,0.0,393320.0,2361322.0,,80.6,97.9
L1-50,cum_energy,120,60500,0.996,0.933,0.0,727465982722115.0,2141453033074530.0,97.9,59.9,95.5
L1-50,win1_hits,120,60500,0.996,0.126,0.0,10729.0,3.0,36.8,97.9,97.9
L1-50,win1_energy,120,60500,0.996,0.025,0.0,19683916723954.0,8031728.0,30.2,97.9,97.9
L1-50,win10_hits,120,60500,0.996,0.345,0.0,192473.0,868579.0,97.9,97.1,97.9
L1-50,win10_energy,120,60500,0.996,0.227,0.0,418973204206565.0,441351743344371.0,37.6,41.7,47.5
L1-51,cum_hits,177,89431,0.995,0.949,1073.0,2386207.0,6121740.0,98.7,58.4,68.5
L1-51,cum_energy,177,89431,0.995,0.949,14575917694.0,512911742229503.0,745579675921770.0,,36.6,68.5
L1-51,win1_hits,177,89431,0.995,0.034,1073.0,39841.0,547.0,9.2,68.5,68.5
L1-51,win1_energy,177,89431,0.995,0.0,14575917694.0,1438501080731.0,992776543.0,8.7,21.0,21.0
L1-51,win10_hits,177,89431,0.995,0.205,1073.0,313584.0,5586.0,63.5,66.8,68.5
L1-51,win10_energy,177,89431,0.995,0.08,14575917694.0,35323579104193.0,10060075558.0,22.6,21.0,22.1
L1-52,cum_hits,736,368558,0.999,0.948,0.0,4433139.0,20163752.0,61.4,75.2,95.8
L1-52,cum_energy,736,368558,0.999,0.948,0.0,221466817353370.0,1988819576190422.0,99.8,84.9,89.3
L1-52,win1_hits,736,368558,0.999,0.014,0.0,5338.0,1574071.0,5.1,99.8,99.8
L1-52,win1_energy,736,368558,0.999,0.008,0.0,489687791080.0,59048366137231.0,2.0,86.6,86.6
L1-52,win10_hits,736,368558,0.999,0.044,0.0,159934.0,2154738.0,91.1,99.8,99.8
L1-52,win10_energy,736,368558,0.999,0.046,0.0,4855876500056.0,90715002832375.0,86.6,87.4,87.6
L1-54,cum_hits,1020,510961,0.999,0.983,0.0,11620830.0,30216403.0,31.7,61.6,88.4
L1-54,cum_energy,1020,510961,0.999,0.983,0.0,1.4100274573352276e+16,4.867494255726366e+16,22.0,69.3,87.4
L1-54,win1_hits,1020,510961,0.999,0.042,0.0,26380.0,30643.0,1.7,37.4,99.1
L1-54,win1_energy,1020,510961,0.999,0.009,0.0,54399291894633.0,9322257089168.0,1.6,67.1,67.1
L1-54,win10_hits,1020,510961,0.999,0.033,0.0,277958.0,763569.0,99.3,17.2,99.1
L1-54,win10_energy,1020,510961,0.999,0.035,0.0,517845708569860.0,533836239777936.0,15.9,62.1,75.0
L1-55,cum_hits,441,221356,0.998,0.98,0.0,2052128.0,4187441.0,,51.8,87.1
L1-55,cum_energy,441,221356,0.998,0.98,0.0,175781843732824.0,371163662168233.0,,60.0,96.1
L1-55,win1_hits,441,221356,0.998,0.023,0.0,6535.0,12549.0,4.4,4.4,19.5
L1-55,win1_energy,441,221356,0.998,0.007,0.0,182716546206.0,3631514814915.0,2.4,4.9,10.5
L1-55,win10_hits,441,221356,0.998,0.13,0.0,69549.0,135186.0,,11.2,19.3
L1-55,win10_energy,441,221356,0.998,0.116,0.0,1506155283554.0,36869826561811.0,,5.3,25.0
L1-56,cum_hits,1500,751226,0.999,0.999,0.0,6245307.0,14896083.0,49.3,58.3,92.1
L1-56,cum_energy,1500,751226,0.999,0.999,0.0,1.1621076585154424e+16,3.069853265058752e+16,10.0,62.4,90.4
L1-56,win1_hits,1500,751226,0.999,0.035,0.0,16588.0,0.0,0.7,98.9,98.9
L1-56,win1_energy,1500,751226,0.999,0.025,0.0,29803087839234.0,0.0,0.2,98.9,98.9
L1-56,win10_hits,1500,751226,0.999,0.017,0.0,110246.0,478868.0,99.4,99.1,99.3
L1-56,win10_energy,1500,751226,0.999,0.039,0.0,198466343132878.0,175356992108192.0,5.2,99.0,99.1
L1-59,cum_hits,208,105137,0.99,0.961,1891.0,1818956.0,5616468.0,,79.2,98.7
L1-59,cum_energy,208,105137,0.99,0.961,7314419206005.0,59327262653115.0,497795190093439.0,,92.5,98.7
L1-59,win1_hits,208,105137,0.99,0.039,1891.0,21869.0,1158430.0,4.5,98.7,98.7
L1-59,win1_energy,208,105137,0.99,0.048,7314419206005.0,537650498377.0,165954198883099.0,0.2,98.7,98.7
L1-59,win10_hits,208,105137,0.99,0.101,1891.0,142054.0,1615350.0,98.7,98.7,98.7
L1-59,win10_energy,208,105137,0.99,0.101,7314419206005.0,2718109157340.0,226562119039977.0,98.7,98.7,98.7
L1-60,cum_hits,322,165884,0.972,0.956,706.0,3131420.0,13766146.0,66.8,71.0,93.3
L1-60,cum_energy,322,165884,0.972,0.956,1673138929664.0,2300278395493691.0,5386830686479198.0,39.6,57.7,93.3
L1-60,win1_hits,322,165884,0.972,0.053,706.0,36627.0,0.0,0.5,95.7,95.7
L1-60,win1_energy,322,165884,0.972,0.084,1673138929664.0,13295380561772.0,0.0,0.2,95.7,95.7
L1-60,win10_hits,322,165884,0.972,0.143,706.0,335896.0,1862189.0,90.3,95.7,95.7
L1-60,win10_energy,322,165884,0.972,0.025,1673138929664.0,139109826153271.0,681231356175737.0,6.8,7.7,95.7
