variant,anchor_pct,n_cal,n_group,fail_cv,prog,u_thr,t_thr_min,t_thr_med,t_thr_max,n_reach
cum_hits,5,7,7,1.416,0.241,83.944,22.6,79.1,98.7,4
cum_hits,10,8,8,1.245,0.283,34.241,40.0,69.0,96.8,4
cum_hits,20,9,9,0.989,0.355,12.925,45.2,69.6,96.3,5
cum_hits,30,9,9,0.991,0.335,5.333,47.5,72.1,99.8,5
cum_hits,50,9,9,0.363,0.598,2.913,78.9,83.4,98.7,5
cum_energy,5,7,7,1.41,0.243,38.137,18.2,45.0,99.7,4
cum_energy,10,8,8,2.483,0.083,66.305,30.2,35.9,87.4,4
cum_energy,20,9,9,2.7,0.067,24.673,31.0,82.4,97.8,5
cum_energy,30,9,9,1.88,0.142,8.106,35.1,81.8,97.8,5
cum_energy,50,9,9,0.676,0.402,2.642,70.3,86.3,99.7,5
win1_hits,5,5,5,1.317,0.265,1.577,0.7,5.1,17.5,5
win1_hits,10,8,8,2.029,0.131,0.57,0.2,2.8,9.8,8
win1_hits,20,9,9,2.112,0.121,0.578,0.2,4.4,15.4,9
win1_hits,30,9,9,1.848,0.155,1.23,0.2,4.5,60.7,9
win1_hits,50,9,9,2.356,0.095,0.292,0.2,2.4,26.9,9
win1_energy,5,5,5,1.317,0.267,5.04,0.2,8.2,98.9,4
win1_energy,10,8,8,1.98,0.138,1.329,0.2,2.2,57.5,8
win1_energy,20,9,9,2.208,0.11,0.717,0.2,2.4,19.8,9
win1_energy,30,9,9,2.72,0.066,0.798,0.2,2.4,30.2,9
win1_energy,50,9,9,1.977,0.14,0.171,0.2,2.0,30.2,9
win10_hits,5,6,6,1.07,0.312,4.861,9.8,72.6,99.1,4
win10_hits,10,8,8,1.454,0.222,6.465,22.1,79.2,99.2,6
win10_hits,20,9,9,1.145,0.296,5.869,40.6,67.9,99.1,7
win10_hits,30,9,9,1.218,0.262,5.879,43.4,98.7,99.8,5
win10_hits,50,9,9,0.884,0.358,4.344,68.5,96.8,99.1,6
win10_energy,5,6,6,1.015,0.351,19.442,15.9,44.5,98.7,4
win10_energy,10,8,8,2.337,0.096,14.56,2.1,24.6,83.5,5
win10_energy,20,9,9,2.577,0.075,4.882,2.1,50.9,99.1,9
win10_energy,30,9,9,1.604,0.186,5.19,5.5,75.4,99.1,7
win10_energy,50,9,9,1.71,0.168,1.053,0.2,21.0,97.9,9
