gid,win,lo,hi,n,t_from_h,t_to_h,cx,cy,r68,r90,d_truth,null_pct,audit_ok
L1-03,首 1 %,0.0,0.01,58,0.0,0.4,59.7,51.8,30.4,117.7,124.2,100.0,False
L1-03,1 至 5 %,0.01,0.05,232,0.4,0.5,54.5,35.1,11.6,30.9,141.5,100.0,False
L1-03,5 至 10 %,0.05,0.1,291,0.5,0.6,55.0,39.2,19.5,40.2,137.6,100.0,False
L1-03,10 至 25 %,0.1,0.25,871,0.6,2.2,59.9,52.6,30.6,76.9,123.4,100.0,False
L1-03,25 至 50 %,0.25,0.5,1452,2.2,5.6,58.3,79.1,29.8,79.6,101.3,100.0,False
L1-03,50 至 75 %,0.5,0.75,1453,5.6,35.0,83.9,112.1,69.4,117.7,59.7,0.0,False
L1-03,75 至 100 %,0.75,1.0,1452,35.0,35.3,89.3,163.2,28.2,65.6,25.7,0.0,False
L1-03,全寿命,0.0,1.0,5809,0.0,35.3,72.4,100.4,58.8,106.5,75.8,0.0,False
L1-04,首 1 %,0.0,0.01,52,0.0,0.8,78.1,137.0,60.8,108.2,67.2,0.0,True
L1-04,1 至 5 %,0.01,0.05,207,0.8,1.1,90.7,102.0,42.1,81.1,78.4,2.0,True
L1-04,5 至 10 %,0.05,0.1,259,1.1,2.2,83.5,106.0,43.7,111.5,80.3,1.5,True
L1-04,10 至 25 %,0.1,0.25,776,2.2,5.7,81.3,108.8,46.3,116.9,79.9,0.0,True
L1-04,25 至 50 %,0.25,0.5,1294,5.7,17.1,71.3,116.9,48.7,99.5,82.7,0.0,True
L1-04,50 至 75 %,0.5,0.75,1293,17.1,30.9,68.0,116.7,45.9,96.4,85.6,38.5,True
L1-04,75 至 100 %,0.75,1.0,1294,30.9,64.5,65.0,101.3,27.2,92.6,97.1,100.0,True
L1-04,全寿命,0.0,1.0,5175,0.0,64.5,71.9,110.8,40.1,103.6,85.8,0.0,True
L1-05,首 1 %,0.0,0.01,38,0.0,1.0,93.2,68.5,62.4,98.3,124.7,100.0,True
L1-05,1 至 5 %,0.01,0.05,153,1.0,1.1,81.5,127.4,52.1,119.9,65.7,57.0,True
L1-05,5 至 10 %,0.05,0.1,191,1.1,2.2,85.5,111.2,53.7,115.8,81.8,100.0,True
L1-05,10 至 25 %,0.1,0.25,573,2.2,5.6,72.8,114.5,45.1,122.9,79.5,100.0,True
L1-05,25 至 50 %,0.25,0.5,955,5.6,13.6,63.5,121.0,43.0,75.8,75.1,100.0,True
L1-05,50 至 75 %,0.5,0.75,954,13.6,25.2,50.5,137.6,48.2,94.9,65.3,35.5,True
L1-05,75 至 100 %,0.75,1.0,955,25.2,33.2,56.3,152.9,57.4,95.9,49.4,0.0,True
L1-05,全寿命,0.0,1.0,3819,0.0,33.2,61.9,131.4,53.3,102.1,65.8,0.0,True
L1-09,首 1 %,0.0,0.01,74,0.0,1.1,87.1,128.0,54.5,117.2,39.3,0.0,True
L1-09,1 至 5 %,0.01,0.05,295,1.1,3.3,85.2,131.1,41.7,112.9,35.7,0.0,True
L1-09,5 至 10 %,0.05,0.1,369,3.3,5.6,81.3,138.6,43.1,106.0,27.4,0.0,True
L1-09,10 至 25 %,0.1,0.25,1106,5.6,13.3,85.4,137.8,45.6,106.4,30.5,0.0,True
L1-09,25 至 50 %,0.25,0.5,1844,13.4,27.7,88.7,143.6,48.6,99.6,29.1,0.0,True
L1-09,50 至 75 %,0.5,0.75,1843,27.7,30.5,98.8,80.3,18.4,84.9,87.0,100.0,True
L1-09,75 至 100 %,0.75,1.0,1844,30.5,39.5,97.5,66.8,17.3,66.8,99.2,100.0,True
L1-09,全寿命,0.0,1.0,7375,0.0,39.5,92.4,106.8,43.3,109.8,60.3,0.0,True
L1-49,首 1 %,0.0,0.01,58,0.0,0.0,74.4,104.0,44.5,105.0,32.2,100.0,True
L1-49,1 至 5 %,0.01,0.05,232,0.0,4.5,72.7,57.3,40.8,92.3,34.2,100.0,True
L1-49,5 至 10 %,0.05,0.1,290,4.5,5.1,55.9,36.7,14.7,47.4,46.6,100.0,True
L1-49,10 至 25 %,0.1,0.25,870,5.1,5.8,52.8,82.0,40.3,61.7,3.0,9.0,True
L1-49,25 至 50 %,0.25,0.5,1450,5.8,6.1,56.0,102.9,16.8,40.5,20.8,100.0,True
L1-49,50 至 75 %,0.5,0.75,1451,6.1,6.3,50.6,85.4,28.3,65.9,2.5,0.5,True
L1-49,75 至 100 %,0.75,1.0,1450,6.3,10.2,45.4,87.5,28.3,83.1,6.4,99.5,True
L1-49,全寿命,0.0,1.0,5801,0.0,10.2,52.4,86.4,31.5,77.3,4.1,0.0,True
L1-50,首 1 %,0.0,0.01,79,0.0,4.3,84.9,107.4,3.6,11.5,42.6,0.5,False
L1-50,1 至 5 %,0.01,0.05,317,4.3,5.0,85.0,110.7,3.4,6.8,44.7,0.0,False
L1-50,5 至 10 %,0.05,0.1,396,5.0,5.6,84.5,109.1,5.0,7.5,43.3,0.0,False
L1-50,10 至 25 %,0.1,0.25,1188,5.7,7.5,83.4,111.7,4.3,8.3,44.1,0.0,False
L1-50,25 至 50 %,0.25,0.5,1981,7.5,10.5,81.6,115.6,5.0,10.0,45.4,0.0,False
L1-50,50 至 75 %,0.5,0.75,1981,10.5,12.3,81.0,122.2,8.3,16.9,50.0,100.0,False
L1-50,75 至 100 %,0.75,1.0,1980,12.3,13.6,77.8,131.5,21.7,97.2,55.9,100.0,False
L1-50,全寿命,0.0,1.0,7922,0.0,13.6,81.1,120.0,7.8,47.4,48.4,0.0,False
L1-51,首 1 %,0.0,0.01,68,0.0,2.4,82.6,116.9,62.7,102.8,47.0,100.0,False
L1-51,1 至 5 %,0.01,0.05,272,2.5,4.1,32.8,57.6,16.7,66.3,30.7,100.0,False
L1-51,5 至 10 %,0.05,0.1,340,4.1,4.3,31.2,50.2,18.0,59.1,37.8,100.0,False
L1-51,10 至 25 %,0.1,0.25,1019,4.3,4.6,41.8,23.7,6.7,26.5,59.9,100.0,False
L1-51,25 至 50 %,0.25,0.5,1699,4.6,9.7,20.6,47.3,21.5,51.6,46.2,100.0,False
L1-51,50 至 75 %,0.5,0.75,1700,9.7,16.5,65.6,162.6,32.7,80.1,81.1,100.0,False
L1-51,75 至 100 %,0.75,1.0,1699,16.5,19.9,70.2,153.2,22.0,75.8,73.0,100.0,False
L1-51,全寿命,0.0,1.0,6797,0.0,19.9,49.1,100.3,64.4,111.7,17.4,0.0,False
L1-52,首 1 %,0.0,0.01,63,0.0,43.8,61.2,61.8,62.0,106.3,24.0,27.0,False
L1-52,1 至 5 %,0.01,0.05,250,43.8,47.5,50.3,0.6,1.8,2.4,82.4,100.0,False
L1-52,5 至 10 %,0.05,0.1,312,47.5,48.4,49.8,0.2,1.9,2.2,82.8,100.0,False
L1-52,10 至 25 %,0.1,0.25,938,48.4,51.7,52.8,1.3,1.8,5.0,81.7,100.0,False
L1-52,25 至 50 %,0.25,0.5,1563,51.7,54.7,42.7,67.8,69.1,132.1,16.8,0.0,False
L1-52,50 至 75 %,0.5,0.75,1562,54.7,58.4,47.9,53.1,53.3,150.3,30.0,39.0,False
L1-52,75 至 100 %,0.75,1.0,1563,58.5,77.7,57.6,85.4,67.1,91.1,7.9,0.0,False
L1-52,全寿命,0.0,1.0,6251,0.0,77.7,50.1,52.4,52.5,147.2,30.6,0.0,False
L1-54,首 1 %,0.0,0.01,76,0.0,13.8,81.0,55.6,13.3,47.7,41.4,99.5,True
L1-54,1 至 5 %,0.01,0.05,306,13.8,15.9,74.5,42.1,16.7,44.3,47.7,100.0,True
L1-54,5 至 10 %,0.05,0.1,382,15.9,21.4,71.4,53.8,15.5,33.8,36.2,89.0,True
L1-54,10 至 25 %,0.1,0.25,1145,21.4,37.9,73.8,55.0,15.1,33.0,36.7,100.0,True
L1-54,25 至 50 %,0.25,0.5,1909,37.9,60.7,75.0,58.4,15.3,46.7,35.0,76.0,True
L1-54,50 至 75 %,0.5,0.75,1910,60.7,82.3,72.2,51.9,15.4,49.6,38.2,100.0,True
L1-54,75 至 100 %,0.75,1.0,1909,82.3,105.8,72.3,66.0,14.4,37.0,28.0,0.0,True
L1-54,全寿命,0.0,1.0,7637,0.0,105.8,73.3,57.2,14.4,45.5,34.7,0.0,True
L1-55,首 1 %,0.0,0.01,25,0.0,9.5,70.8,80.3,34.8,80.5,93.8,100.0,False
L1-55,1 至 5 %,0.01,0.05,99,10.6,28.1,82.7,41.5,17.5,36.2,125.7,100.0,False
L1-55,5 至 10 %,0.05,0.1,124,28.1,30.7,82.7,42.4,16.4,25.6,124.8,100.0,False
L1-55,10 至 25 %,0.1,0.25,371,30.7,44.9,77.3,41.7,22.8,43.3,127.0,100.0,False
L1-55,25 至 50 %,0.25,0.5,619,44.9,46.9,84.2,71.5,46.0,74.2,96.5,100.0,False
L1-55,50 至 75 %,0.5,0.75,620,46.9,47.0,88.3,135.3,24.0,51.7,38.5,0.0,False
L1-55,75 至 100 %,0.75,1.0,619,47.0,47.1,87.4,139.4,18.9,39.1,36.3,0.0,False
L1-55,全寿命,0.0,1.0,2477,0.0,47.1,84.7,97.4,45.6,87.0,72.2,0.0,False
L1-56,首 1 %,0.0,0.01,77,0.0,22.4,103.4,205.1,9.0,18.3,133.2,98.0,False
L1-56,1 至 5 %,0.01,0.05,308,22.4,38.0,95.9,210.0,8.5,35.6,135.1,100.0,False
L1-56,5 至 10 %,0.05,0.1,385,38.1,52.4,89.2,207.3,13.6,34.8,130.3,99.0,False
L1-56,10 至 25 %,0.1,0.25,1155,52.4,77.3,81.6,208.9,25.5,34.1,129.8,100.0,False
L1-56,25 至 50 %,0.25,0.5,1925,77.3,108.4,76.9,205.7,18.6,37.0,125.6,0.0,False
L1-56,50 至 75 %,0.5,0.75,1925,108.4,130.3,77.4,209.1,19.6,36.3,129.1,98.5,False
L1-56,75 至 100 %,0.75,1.0,1925,130.3,151.5,74.9,206.7,20.8,37.6,126.2,0.0,False
L1-56,全寿命,0.0,1.0,7700,0.0,151.5,78.8,207.5,21.4,36.9,127.8,0.0,False
L1-59,首 1 %,0.0,0.01,71,0.0,0.9,33.7,87.4,15.2,34.0,16.9,69.0,False
L1-59,1 至 5 %,0.01,0.05,283,0.9,17.2,64.4,78.9,27.7,79.1,14.9,34.0,False
L1-59,5 至 10 %,0.05,0.1,354,17.2,17.6,72.2,65.7,19.4,41.7,28.1,100.0,False
L1-59,10 至 25 %,0.1,0.25,1062,17.6,18.4,71.0,69.4,22.5,41.5,25.1,100.0,False
L1-59,25 至 50 %,0.25,0.5,1770,18.4,19.7,67.9,64.1,22.2,61.5,26.0,100.0,False
L1-59,50 至 75 %,0.5,0.75,1769,19.7,21.1,60.3,84.6,28.4,113.3,10.4,0.0,False
L1-59,75 至 100 %,0.75,1.0,1770,21.1,22.8,62.1,97.3,16.7,100.7,18.7,100.0,False
L1-59,全寿命,0.0,1.0,7079,0.0,22.8,64.7,79.2,26.1,80.6,15.2,0.0,False
L1-60,首 1 %,0.0,0.01,70,0.4,1.1,79.2,132.5,11.7,40.7,47.0,0.0,False
L1-60,1 至 5 %,0.01,0.05,281,1.1,2.0,82.4,90.4,5.0,14.4,79.6,100.0,False
L1-60,5 至 10 %,0.05,0.1,351,2.0,3.9,81.1,92.4,9.2,21.6,78.3,100.0,False
L1-60,10 至 25 %,0.1,0.25,1052,3.9,16.6,74.7,59.6,35.3,60.3,110.9,100.0,False
L1-60,25 至 50 %,0.25,0.5,1754,16.6,24.5,65.8,113.2,71.9,113.4,70.0,99.0,False
L1-60,50 至 75 %,0.5,0.75,1755,24.6,32.2,70.7,131.6,62.0,108.2,54.3,0.0,False
L1-60,75 至 100 %,0.75,1.0,1754,32.2,35.7,84.9,117.8,47.4,92.3,54.3,0.0,False
L1-60,全寿命,0.0,1.0,7017,0.4,35.7,74.7,109.2,59.3,105.2,67.3,0.0,False
