seg,n_rows,n_pick,ref_mean,ref_pick
0,75,7,-406.1,-987.1
1,119,10,-976.1,-1724.0
2,118,10,-970.9,-1769.1
3,121,11,-953.1,-1763.0
4,118,10,-961.7,-1758.0
5,117,10,-953.2,-1738.1
6,117,10,-951.6,-1735.8
7,118,10,-951.1,-1750.7
8,119,10,-936.8,-1727.1
9,119,10,-946.6,-1740.2
10,118,10,-944.4,-1753.4
11,120,10,-946.8,-1741.5
12,119,10,-950.0,-1749.3
13,118,10,-942.8,-1738.3
14,119,10,-937.5,-1752.4
15,121,11,-939.7,-1734.7
16,120,10,-920.5,-1739.4
17,119,10,-930.1,-1743.8
18,120,10,-942.9,-1754.1
19,120,10,-943.7,-1741.8
20,122,11,-940.4,-1725.4
21,136,12,-931.3,-1759.0
22,124,11,-944.1,-1728.4
23,125,11,-943.5,-1747.7
24,124,11,-934.6,-1732.9
25,127,11,-930.7,-1740.2
26,123,11,-939.5,-1741.6
27,123,11,-948.2,-1772.2
28,126,11,-942.5,-1751.1
29,127,11,-948.6,-1773.3
30,123,11,-950.8,-1767.1
31,129,11,-938.6,-1778.4
32,134,12,-955.5,-1798.8
33,129,11,-965.5,-1815.0
34,127,11,-962.4,-1806.6
35,128,11,-962.1,-1815.8
36,132,11,-977.0,-1824.8
37,126,11,-960.0,-1820.7
38,132,11,-989.3,-1843.3
39,125,11,-976.2,-1816.0
40,131,11,-984.6,-1866.4
41,127,11,-981.7,-1857.5
42,129,11,-966.6,-1838.5
43,131,11,-975.2,-1865.8
44,126,11,-984.0,-1845.5
45,129,11,-987.2,-1844.9
46,129,11,-989.9,-1844.6
47,134,12,-982.9,-1854.2
48,126,11,-980.9,-1862.5
49,126,11,-976.3,-1851.7
50,129,11,-980.3,-1872.7
51,126,11,-971.5,-1853.7
52,126,11,-991.2,-1860.4
53,131,11,-976.3,-1883.3
54,126,11,-984.0,-1866.9
55,129,11,-978.6,-1864.3
56,125,11,-989.4,-1868.7
57,129,11,-972.9,-1880.3
58,125,11,-974.5,-1846.2
59,128,11,-990.0,-1859.9
60,133,12,-983.0,-1870.5
61,128,11,-977.3,-1857.6
62,126,11,-982.1,-1857.6
63,127,11,-988.1,-1862.7
64,137,12,-980.1,-1875.3
65,130,11,-972.9,-1851.6
66,131,11,-1003.5,-1892.1
67,127,11,-986.5,-1842.7
68,136,12,-987.5,-1872.4
69,127,11,-982.0,-1862.7
70,129,11,-995.1,-1877.9
71,130,11,-988.8,-1893.8
72,131,11,-1011.3,-1891.7
73,127,11,-996.4,-1888.1
74,130,11,-1000.6,-1875.0
75,128,11,-997.3,-1893.7
76,128,11,-996.6,-1882.5
77,129,11,-1001.6,-1896.5
78,129,11,-1008.1,-1887.6
79,130,11,-1011.3,-1909.1
80,129,11,-996.4,-1903.5
81,129,11,-1001.0,-1902.2
82,128,11,-1004.1,-1899.6
83,136,12,-1001.5,-1906.8
84,127,11,-1000.7,-1885.4
85,130,11,-1021.6,-1925.1
86,129,11,-1021.5,-1921.9
87,131,11,-993.7,-1896.9
