life,share,hi_cum,fano
2.500000000000000139e-02,2.768324846994127050e-02,2.768324846994127050e-02,8.126261184601721652e+02
7.500000000000001110e-02,3.638276339821809591e-02,6.406601186815936988e-02,1.088649125032315396e+03
1.250000000000000000e-01,3.060060241055774857e-02,9.466661427871711498e-02,9.846429396399851157e+02
1.750000000000000167e-01,2.940985737762200417e-02,1.240764716563391157e-01,9.147782636494322333e+02
2.250000000000000056e-01,3.191618207813332053e-02,1.559926537344724362e-01,9.666868433320762506e+02
2.750000000000000222e-01,3.505125753966861074e-02,1.910439112741410539e-01,1.075850649366812377e+03
3.250000000000000666e-01,3.540640206174555660e-02,2.264503133358866105e-01,1.132682604385074001e+03
3.750000000000000000e-01,3.388368654509610334e-02,2.603339998809827138e-01,1.139504474351119143e+03
4.250000000000000444e-01,3.418466294457914167e-02,2.945186628255618833e-01,1.261713466391655629e+03
4.749999999999999778e-01,3.728597869590626057e-02,3.318046415214681022e-01,1.289841213102197344e+03
5.250000000000000222e-01,4.145911756313638147e-02,3.732637590846045184e-01,1.347848050488074932e+03
5.750000000000000666e-01,5.097821144488508260e-02,4.242419705294895871e-01,1.788752682800338789e+03
6.250000000000000000e-01,4.546555594041201687e-02,4.697075264699016039e-01,1.625028270788648342e+03
6.750000000000000444e-01,4.664180527856910674e-02,5.163493317484707523e-01,1.605502986133308696e+03
7.250000000000000888e-01,5.438231555754256819e-02,5.707316473060132234e-01,1.712561496236500943e+03
7.750000000000000222e-01,6.075756026775837315e-02,6.314892075737716937e-01,2.279405922685834412e+03
8.250000000000000666e-01,7.985477984091356174e-02,7.113439874146851860e-01,2.887866792441553571e+03
8.750000000000000000e-01,7.921983026304345310e-02,7.905638176777286530e-01,3.170155593882625908e+03
9.250000000000000444e-01,9.131915781539198806e-02,8.818829754931206688e-01,3.482271476694505509e+03
9.750000000000000888e-01,1.167416500983418509e-01,9.986246255914624781e-01,3.778399305340039973e+03
