gid,kind,key,frac_load_pct,ratio,n,n_q,col8
L1-06,bin,0,,,0,0,50.5
L1-06,bin,25,,,0,0,50.5
L1-06,bin,50,,,0,0,50.5
L1-06,bin,100,,,0,0,50.5
L1-06,bin,200,,,1,1,50.5
L1-06,bin,400,,,4,4,50.5
L1-06,bin,800,18474.0,18519.0,298,297,50.5
L1-06,bin,1600,,,0,0,50.5
L1-06,rel,0.05,94.72,0.898,,,1.175
L1-06,rel,0.1,88.78,0.820,,,1.253
L1-06,rel,0.2,78.88,0.869,,,1.411
L1-13,bin,0,,,0,0,59.833333333333336
L1-13,bin,25,,,0,0,59.833333333333336
L1-13,bin,50,,,0,0,59.833333333333336
L1-13,bin,100,,,0,0,59.833333333333336
L1-13,bin,200,,,1,1,59.833333333333336
L1-13,bin,400,24754.5,31497.0,352,226,59.833333333333336
L1-13,bin,800,,,7,7,59.833333333333336
L1-13,bin,1600,,,0,0,59.833333333333336
L1-13,rel,0.05,96.39,2.770,,,1.170
L1-13,rel,0.1,92.50,1.526,,,1.220
L1-13,rel,0.2,86.94,1.433,,,1.298
L1-14,bin,0,,,0,0,52.333333333333336
L1-14,bin,25,,,0,0,52.333333333333336
L1-14,bin,50,,,0,0,52.333333333333336
L1-14,bin,100,,,0,0,52.333333333333336
L1-14,bin,200,,,0,0,52.333333333333336
L1-14,bin,400,,,0,0,52.333333333333336
L1-14,bin,800,45430.0,45430.0,315,315,52.333333333333336
L1-14,bin,1600,,,0,0,52.333333333333336
L1-14,rel,0.05,94.92,0.786,,,1.213
L1-14,rel,0.1,87.94,0.945,,,1.310
L1-14,rel,0.2,78.10,0.975,,,1.475
L1-24,bin,0,,,0,0,69.0
L1-24,bin,25,,,0,0,69.0
L1-24,bin,50,4.0,,20,1,69.0
L1-24,bin,100,,,0,0,69.0
L1-24,bin,200,,,0,0,69.0
L1-24,bin,400,17.0,4466.5,29,10,69.0
L1-24,bin,800,6818.0,6873.0,365,364,69.0
L1-24,bin,1600,,,0,0,69.0
L1-24,abs,200,95.17,0.001,,,1.024
L1-24,abs,100,95.17,0.001,,,1.024
L1-24,rel,0.02,86.96,0.001,,,1.120
L1-24,rel,0.05,83.57,0.002,,,1.166
L1-24,rel,0.1,79.23,0.013,,,1.230
L1-24,rel,0.2,71.26,0.156,,,1.367
L1-25,bin,0,2251.0,2251.0,243,243,930.8333333333334
L1-25,bin,25,,,1,1,930.8333333333334
L1-25,bin,50,,,9,9,930.8333333333334
L1-25,bin,100,2289.0,2289.0,11,11,930.8333333333334
L1-25,bin,200,,,5,5,930.8333333333334
L1-25,bin,400,3901.0,3901.0,25,25,930.8333333333334
L1-25,bin,800,4217.0,4217.0,1291,1291,930.8333333333334
L1-25,bin,1600,2434.0,2434.0,83,83,930.8333333333334
L1-25,abs,200,84.17,0.555,,,0.560
L1-25,abs,100,84.83,0.554,,,0.556
L1-25,abs,50,85.37,0.554,,,0.552
L1-25,abs,25,85.43,0.554,,,0.552
L1-25,rel,0.05,99.04,0.636,,,0.476
L1-25,rel,0.1,93.65,0.694,,,0.503
L1-25,rel,0.2,86.93,0.603,,,0.542
L1-27,bin,0,20635.5,20635.5,82,82,120.16666666666667
L1-27,bin,25,,,0,0,120.16666666666667
L1-27,bin,50,,,2,2,120.16666666666667
L1-27,bin,100,,,3,3,120.16666666666667
L1-27,bin,200,,,6,6,120.16666666666667
L1-27,bin,400,,,2,2,120.16666666666667
L1-27,bin,800,55835.0,55835.0,17,17,120.16666666666667
L1-27,bin,1600,54816.5,54816.5,444,444,120.16666666666667
L1-27,abs,200,84.35,0.386,,,1.450
L1-27,abs,100,84.89,0.382,,,1.440
L1-27,abs,50,85.25,0.377,,,1.434
L1-27,abs,25,85.25,0.377,,,1.434
L1-27,rel,0.02,98.02,0.562,,,1.248
L1-27,rel,0.05,94.60,0.608,,,1.293
L1-27,rel,0.1,87.77,0.429,,,1.393
L1-27,rel,0.2,86.69,0.408,,,1.411
L1-29,bin,0,1411.0,1411.0,284,284,364.8333333333333
L1-29,bin,25,,,1,1,364.8333333333333
L1-29,bin,50,,,1,1,364.8333333333333
L1-29,bin,100,,,2,2,364.8333333333333
L1-29,bin,200,3776.0,3776.0,12,12,364.8333333333333
L1-29,bin,400,,,3,3,364.8333333333333
L1-29,bin,800,6991.5,6991.5,186,186,364.8333333333333
L1-29,bin,1600,4382.0,4382.0,996,996,364.8333333333333
L1-29,abs,200,80.61,0.311,,,1.228
L1-29,abs,100,80.74,0.305,,,1.226
L1-29,abs,50,80.81,0.301,,,1.225
L1-29,abs,25,80.88,0.299,,,1.224
L1-29,rel,0.02,98.25,0.668,,,1.007
L1-29,rel,0.05,95.22,0.680,,,1.039
L1-29,rel,0.1,89.49,0.585,,,1.106
L1-29,rel,0.2,83.77,0.384,,,1.182
L1-30,bin,0,,,1,1,19.833333333333332
L1-30,bin,25,,,0,0,19.833333333333332
L1-30,bin,50,,,0,0,19.833333333333332
L1-30,bin,100,,,0,0,19.833333333333332
L1-30,bin,200,,,2,2,19.833333333333332
L1-30,bin,400,,,0,0,19.833333333333332
L1-30,bin,800,,,0,0,19.833333333333332
L1-30,bin,1600,21.0,21.0,10,10,19.833333333333332
L1-31,bin,0,4534.0,4189.5,184,176,716.5
L1-31,bin,25,,,3,3,716.5
L1-31,bin,50,,,5,5,716.5
L1-31,bin,100,,,6,6,716.5
L1-31,bin,200,,,1,1,716.5
L1-31,bin,400,12124.0,12124.0,27,27,716.5
L1-31,bin,800,15135.5,15135.5,754,754,716.5
L1-31,bin,1600,,,3,3,716.5
L1-31,abs,200,79.86,0.330,,,0.469
L1-31,abs,100,80.47,0.327,,,0.465
L1-31,abs,50,80.98,0.320,,,0.462
L1-31,abs,25,81.28,0.312,,,0.461
L1-31,rel,0.02,97.46,0.301,,,0.384
L1-31,rel,0.05,92.68,0.486,,,0.404
L1-31,rel,0.1,87.39,0.531,,,0.429
L1-31,rel,0.2,85.96,0.464,,,0.436
L1-34,bin,0,,,0,0,0.16666666666666666
L1-34,bin,25,,,0,0,0.16666666666666666
L1-34,bin,50,,,0,0,0.16666666666666666
L1-34,bin,100,,,0,0,0.16666666666666666
L1-34,bin,200,,,1,1,0.16666666666666666
L1-34,bin,400,,,0,0,0.16666666666666666
L1-34,bin,800,,,0,0,0.16666666666666666
L1-34,bin,1600,,,1,1,0.16666666666666666
L1-35,bin,0,870.0,951.0,107,105,169.0
L1-35,bin,25,,,2,2,169.0
L1-35,bin,50,,,0,0,169.0
L1-35,bin,100,,,2,2,169.0
L1-35,bin,200,,,4,4,169.0
L1-35,bin,400,,,0,0,169.0
L1-35,bin,800,43839.5,43839.5,98,98,169.0
L1-35,bin,1600,46742.0,46985.0,314,302,169.0
L1-35,abs,200,78.94,0.021,,,0.941
L1-35,abs,100,79.32,0.019,,,0.937
L1-35,abs,50,79.32,0.019,,,0.937
L1-35,abs,25,79.70,0.019,,,0.932
L1-35,rel,0.05,94.88,0.555,,,0.783
L1-35,rel,0.1,89.94,0.491,,,0.826
L1-35,rel,0.2,87.10,0.394,,,0.853
L1-36,bin,0,,,0,0,0.6666666666666666
L1-36,bin,25,,,0,0,0.6666666666666666
L1-36,bin,50,,,0,0,0.6666666666666666
L1-36,bin,100,,,0,0,0.6666666666666666
L1-36,bin,200,,,0,0,0.6666666666666666
L1-36,bin,400,,,0,0,0.6666666666666666
L1-36,bin,800,,,1,1,0.6666666666666666
L1-36,bin,1600,,,4,4,0.6666666666666666
L1-41,bin,0,963.0,963.0,225,225,313.3333333333333
L1-41,bin,25,,,3,3,313.3333333333333
L1-41,bin,50,,,2,2,313.3333333333333
L1-41,bin,100,,,5,5,313.3333333333333
L1-41,bin,200,800.5,800.5,14,14,313.3333333333333
L1-41,bin,400,466.0,466.0,13,13,313.3333333333333
L1-41,bin,800,976.0,964.5,1325,1320,313.3333333333333
L1-41,bin,1600,621.5,621.5,288,288,313.3333333333333
L1-41,abs,200,87.47,1.108,,,1.845
L1-41,abs,100,87.73,1.123,,,1.839
L1-41,abs,50,87.84,1.113,,,1.837
L1-41,abs,25,88.00,1.118,,,1.833
L1-41,rel,0.02,98.08,1.171,,,1.645
L1-41,rel,0.05,95.25,1.109,,,1.694
L1-41,rel,0.1,90.19,1.105,,,1.789
L1-41,rel,0.2,80.11,1.052,,,2.014
L1-44,bin,0,29343.0,29664.0,155,151,199.66666666666666
L1-44,bin,25,,,1,1,199.66666666666666
L1-44,bin,50,,,4,4,199.66666666666666
L1-44,bin,100,,,5,5,199.66666666666666
L1-44,bin,200,,,8,8,199.66666666666666
L1-44,bin,400,,,5,5,199.66666666666666
L1-44,bin,800,83811.0,83811.0,418,418,199.66666666666666
L1-44,bin,1600,80143.5,80564.0,598,585,199.66666666666666
L1-44,abs,200,86.18,0.363,,,1.873
L1-44,abs,100,86.60,0.362,,,1.864
L1-44,abs,50,86.93,0.360,,,1.856
L1-44,abs,25,87.02,0.360,,,1.855
L1-44,rel,0.02,98.99,0.453,,,1.630
L1-44,rel,0.05,96.98,0.374,,,1.664
L1-44,rel,0.1,92.88,0.368,,,1.737
L1-44,rel,0.2,87.19,0.364,,,1.851
