gid,shear_first,shear_last,d_shear,d_ra,d_af,d_local,bi_shear
L1-49,0.4477,0.6509,0.2031,1.969,-1.7047,134.4424,0.5387
L1-50,0.5545,0.6264,0.0718,5.4604,-7.311,53.8372,0.5442
L1-51,0.5303,0.0002,-0.5301,-1.7209,188.7681,168.1456,
L1-52,0.5906,0.6893,0.0987,1.4575,-0.2689,41.3039,
L1-54,0.6351,0.6588,0.0237,0.1883,-0.087,492.0461,
L1-55,0.5279,0.7722,0.2443,2.0908,-2.596,55.5256,0.587
L1-56,0.5524,0.5518,-0.0006,-0.0054,-0.2582,33.1244,
L1-59,0.5993,0.6811,0.0818,0.7465,-2.1477,45.6912,
L1-60,0.6196,0.7226,0.103,0.003,-1.4999,109.6113,
