gid,ae_env,ae_hits,amp_p50,amp_p90,amp_p99,amp_r90,amp_r95,b_val,dfos_amp,dfos_peak,dfos_peakpos,eny_lp50,eny_lp90,hi,hit_rate,local,rmse
L1-03,-0.17,-0.12,,,,,,,,,,,,0.62,,0.58,1.32
L1-04,,,,,,,,,,,,,,0.83,,0.42,0.29
L1-05,-0.4,-0.67,,,,,,,,,,,,0.9,,0.64,0.84
L1-09,0.64,0.74,,,,,,,,,,,,0.66,,-0.24,0.77
L1-49,0.71,1.0,-0.31,-0.86,-0.33,-0.91,-1.08,1.16,0.01,0.01,-1.14,1.87,0.35,,1.14,1.38,1.39
L1-50,1.37,1.25,1.86,1.99,1.88,1.0,0.6,-1.84,-0.01,-0.38,0.24,1.91,1.99,,0.82,1.14,1.41
L1-51,-1.58,-1.07,0.11,-1.24,-1.65,-1.45,-1.61,1.63,-1.77,-1.95,1.63,-1.94,-1.86,,-1.36,1.93,1.93
L1-52,1.25,1.46,1.42,1.39,1.65,1.17,1.36,-0.95,-0.19,-0.35,-1.39,1.7,1.5,,1.62,0.11,0.07
L1-54,0.67,0.88,-0.36,0.78,1.48,1.04,1.27,-0.79,-0.01,0.37,0.05,-0.48,0.7,,1.28,2.0,2.0
L1-55,0.02,-0.34,-0.75,-1.08,-0.75,-1.03,-0.85,0.78,0.39,0.17,-0.28,0.57,-0.18,,-0.07,1.7,1.78
L1-56,1.03,1.13,-0.51,0.42,0.85,0.67,0.76,-0.88,0.43,0.17,-0.22,-0.38,-0.04,1.14,-0.22,1.02,0.94
L1-59,0.56,0.69,0.94,1.04,0.95,0.99,0.71,-0.78,-0.15,0.16,0.09,1.4,1.19,,0.66,1.6,1.7
L1-60,-0.03,1.01,-0.57,-1.53,-0.98,-0.53,-0.39,1.74,-0.44,-0.46,-0.83,-0.41,-1.49,,1.27,1.8,1.82
