gid,n_f,n_marker,n_suspend,eff_h,ae_cycle_rate,dfos_seg,seg_bi,seg_ai,seg_ge30,seg500_over_nf,dfos_cover,gap_cv,late_over_early
L1-49,43702,4,2,22.5,0.54,125,15,110,90,1.259,0.964,5.604,1.29
L1-50,60500,4,2,27.68,0.607,157,17,140,133,1.157,0.915,4.033,1.01
L1-51,89431,4,2,65.3,0.38,317,16,301,190,1.683,0.966,1.383,3.12
L1-52,368558,22,11,89.29,1.147,876,0,876,744,1.188,0.981,3.751,1.01
L1-54,510961,4,2,113.88,1.246,1240,0,1240,1022,1.213,0.984,2.482,1.01
L1-55,221356,4,2,64.53,0.953,477,16,461,454,1.041,0.722,0.778,1.01
L1-56,751226,4,2,163.73,1.275,409,12,397,383,0.264,0.989,14.493,1.0
L1-59,105137,4,2,67.98,0.43,280,14,266,223,1.265,0.948,7.488,0.95
L1-60,165884,4,2,68.45,0.673,384,12,372,343,1.121,0.675,1.394,1.02
