arm,n,rmse,mae,bias,max_abs_err,rho_within,pred_std,true_std,range_ratio,mono_viol_rate,neg_rate,above_range_rate,n_zero,false_alarm,fold,rep
single_best,7,1.8640952769410717,1.614231469244056,0.9516144948576027,2.9474717237479306,0.42857142857142866,1.3012165535555218,2.1747164957149456,0.598338475897633,0.3333333333333333,0.0,0.0,1,1.0,T1,1
single_tof,7,3.5547251376430227,3.295223389829109,-2.3158519277304426,5.707021524885745,-0.2909571869813232,0.9301435104542489,2.1747164957149456,0.42770793907481763,0.5,0.0,0.0,1,1.0,T1,1
linear,7,7.264106107749144,7.139628446024756,7.139628446024756,8.978419823632956,0.7500000000000002,0.9641834617919259,2.1747164957149456,0.4433605316793016,0.3333333333333333,0.0,1.0,1,1.0,T1,1
svr,7,2.3998495586662005,1.89455917878819,-1.0982138702399435,4.851692968251561,0.8214285714285715,0.04898604505933545,2.1747164957149456,0.022525255662454117,0.3333333333333333,0.0,0.0,1,1.0,T1,1
rf,7,2.0112735120686915,1.5182207213718824,-0.9357715405328803,4.424940119047619,0.9285714285714288,0.501410605265096,2.1747164957149456,0.23056366485152147,0.3333333333333333,0.0,0.0,1,1.0,T1,1
gpr,7,2.242614234252201,1.7641947802133477,-0.8832323042584983,4.4863635877820025,0.8214285714285715,0.13520007724508953,2.1747164957149456,0.06216905859291882,0.3333333333333333,0.0,0.0,1,1.0,T1,1
single_best+mono,7,1.8537219647332106,1.6142314692440556,0.9516144948576022,2.90961663078799,0.9063269671749657,1.3008537554479767,2.1747164957149456,0.5981716504248599,0.0,0.0,0.0,1,1.0,T1,1
linear+mono,7,7.254599902596209,7.139628446024756,7.139628446024756,8.978419823632956,0.981980506061966,0.9404921999268772,2.1747164957149456,0.43246657749643225,0.0,0.0,1.0,1,1.0,T1,1
svr+mono,7,2.399808976903935,1.89455917878819,-1.0982138702399433,4.851692968251561,0.981980506061966,0.048985784720010125,2.1747164957149456,0.02252513595060853,0.0,0.0,0.0,1,1.0,T1,1
rf+mono,7,2.0031668131783062,1.5158760785147396,-0.9357715405328803,4.383018586309525,0.981980506061966,0.5008904429133926,2.1747164957149456,0.2303244785701242,0.0,0.0,0.0,1,1.0,T1,1
gpr+mono,7,2.2422819310725948,1.7641947802133475,-0.8832323042584983,4.4863635877820025,0.981980506061966,0.13519467814317918,2.1747164957149456,0.06216657592360491,0.0,0.0,0.0,1,1.0,T1,1
single_best,3,1.5475960715511008,1.3852549856104808,-0.48507509787143066,2.2472979563311677,1.0,0.6349892798569624,2.0535876465888236,0.3092097290864265,0.0,0.0,0.0,1,1.0,T2,1
single_tof,3,2.053746528444293,1.7892098754538985,0.09406723414689422,2.8249156644011895,1.0,0.0020289148679714267,2.0535876465888236,0.0009879855244267852,0.0,0.0,0.0,1,1.0,T2,1
linear,3,1.2718171805194256,1.1535271340897153,-1.1535271340897153,1.6274061452557582,1.0,2.136011258349978,2.0535876465888236,1.0401363983164131,0.0,0.3333333333333333,0.0,1,0.0,T2,1
svr,3,1.0550953042932045,0.7488008535294255,-0.7488008535294255,1.7725515606531026,0.5,1.7170729327251255,2.0535876465888236,0.8361332595554534,0.5,0.3333333333333333,0.0,1,0.0,T2,1
rf,3,0.7667865301494635,0.6183857407407413,-0.2137876587301599,1.2482600992063517,1.0,1.4971275616984112,2.0535876465888236,0.7290302725502181,0.0,0.0,0.0,1,0.0,T2,1
gpr,3,1.1020399650098796,0.9196653602005846,-0.9196653602005846,1.7233430080494911,1.0,1.836324411002283,2.0535876465888236,0.8942030860248733,0.0,0.3333333333333333,0.0,1,0.0,T2,1
single_best+mono,3,1.5475960715511008,1.3852549856104808,-0.48507509787143066,2.2472979563311677,1.0,0.6349892798569624,2.0535876465888236,0.3092097290864265,0.0,0.0,0.0,1,1.0,T2,1
linear+mono,3,0.9682146603118841,0.6774041414986818,-0.6774041414986818,1.6274061452557582,1.0,1.4667677283424996,2.0535876465888236,0.7142464704532676,0.0,0.0,0.0,1,0.0,T2,1
svr+mono,3,1.0115918765737637,0.6009167763139708,-0.6009167763139708,1.7513751644709563,0.8660254037844387,1.5078462077828614,2.0535876465888236,0.7342497459446237,0.0,0.0,0.0,1,0.0,T2,1
rf+mono,3,0.7667865301494635,0.6183857407407413,-0.2137876587301599,1.2482600992063517,1.0,1.4971275616984112,2.0535876465888236,0.7290302725502181,0.0,0.0,0.0,1,0.0,T2,1
gpr+mono,3,1.0058767255983634,0.6597268435096234,-0.6597268435096234,1.7233430080494911,1.0,1.4693300810889416,2.0535876465888236,0.7154942149801196,0.0,0.0,0.0,1,0.0,T2,1
single_best,9,2.6826421987894244,2.4004535140054446,-1.7497583012497773,4.2648396214094415,0.8619322310183947,0.4913028105655485,2.4793950875163078,0.19815430507192897,0.125,0.0,0.0,2,1.0,T3,1
single_tof,9,3.038379789272344,2.733758092953158,-1.7149043699597226,4.7418293701491026,-0.3915412686668814,0.10012189531294509,2.4793950875163078,0.04038158170799657,0.5,0.0,0.0,2,1.0,T3,1
linear,9,2.0920517590592964,1.9160527950531332,-1.4665603814678556,2.907063503099475,0.9790880682441959,1.1591468737334842,2.4793950875163078,0.46751196675744006,0.125,0.0,0.0,2,0.5,T3,1
svr,9,3.0570703217237734,2.7099806457976516,-2.171719570136752,4.510058880953792,0.7196715715299219,0.4726066121961247,2.4793950875163078,0.19061367612434468,0.25,0.0,0.0,2,1.0,T3,1
rf,9,2.3662294429173585,2.155273839285713,-1.785441678791886,3.298485446428569,0.9790880682441959,1.0982806220576429,2.4793950875163078,0.44296313547907645,0.125,0.0,0.0,2,0.5,T3,1
gpr,9,3.082293552718226,2.701748213335504,-2.310561023989976,4.469536155651798,0.836827408755723,0.6139234065014062,2.4793950875163078,0.24761015684531085,0.25,0.0,0.0,2,0.5,T3,1
single_best+mono,9,2.6807317130374075,2.4004535140054446,-1.7497583012497773,4.2648396214094415,0.978803165119281,0.49071624356263027,2.4793950875163078,0.19791772841423066,0.0,0.0,0.0,2,1.0,T3,1
linear+mono,9,2.0811139366889604,1.9160527950531332,-1.4665603814678556,2.907063503099475,0.9915966386554623,1.157525715648426,2.4793950875163078,0.46685811449596676,0.0,0.0,0.0,2,0.5,T3,1
svr+mono,9,3.0332578631897658,2.7099806457976516,-2.171719570136752,4.510058880953792,0.9745013620514428,0.44379447536550976,2.4793950875163078,0.1789930445534896,0.0,0.0,0.0,2,1.0,T3,1
rf+mono,9,2.3616727902729755,2.155273839285713,-1.785441678791886,3.298485446428569,0.9915966386554623,1.0978657536491931,2.4793950875163078,0.44279580901685245,0.0,0.0,0.0,2,0.5,T3,1
gpr+mono,9,3.0532860176885226,2.701748213335504,-2.310561023989976,4.42604780541291,0.9873505612967642,0.5816917624680782,2.4793950875163078,0.23461035532290989,0.0,0.0,0.0,2,0.5,T3,1
single_best,8,2.0883493748014277,1.6132865504181808,-1.3445513096138257,4.594955483807787,0.9285714285714287,0.550625737384668,2.0673741648526036,0.2663406299381349,0.14285714285714285,0.0,0.0,1,1.0,T4,1
single_tof,8,2.130262739191882,1.612665898818454,-0.5183513320135562,4.517632463643686,0.7200822998230957,0.0024113614384437395,2.0673741648526036,0.0011663884938872015,0.14285714285714285,0.0,0.0,1,1.0,T4,1
linear,8,1.498962462907423,1.215649072913907,-0.5078738179855193,2.6562047343448443,0.5714285714285715,1.3730611886841488,2.0673741648526036,0.6641570800426653,0.2857142857142857,0.0,0.0,1,0.0,T4,1
svr,8,2.440420638905317,1.7814798992292182,-1.639587084222528,5.345535664716783,0.261904761904762,0.7332669595093886,2.0673741648526036,0.35468517115849124,0.42857142857142855,0.0,0.0,1,0.0,T4,1
rf,8,2.2665920852084054,1.7025902430555546,-1.6180010168650785,5.1904516269841245,0.8333333333333335,0.7313430635813105,2.0673741648526036,0.35375457235311475,0.2857142857142857,0.0,0.0,1,0.0,T4,1
gpr,8,2.4343949766966313,1.8253954512464,-1.5080624142159884,5.06907484404919,0.3333333333333334,0.8878919875392721,2.0673741648526036,0.4294781286495256,0.42857142857142855,0.0,0.0,1,0.0,T4,1
single_best+mono,8,2.079094553147114,1.6132865504181808,-1.3445513096138257,4.594955483807787,0.9759000729485332,0.548534447385619,2.0673741648526036,0.26532906172053644,0.0,0.0,0.0,1,1.0,T4,1
linear+mono,8,1.2446693088376535,0.9196253465557476,-0.5078738179855196,2.6562047343448443,0.8728715609439696,1.2929147892113941,2.0673741648526036,0.6253898356631414,0.0,0.0,0.0,1,0.0,T4,1
svr+mono,8,2.3332687632786184,1.6961696517222293,-1.639587084222528,5.2478789831725505,0.7637626158259735,0.6874977579681509,2.0673741648526036,0.3325463622677935,0.0,0.0,0.0,1,0.0,T4,1
rf+mono,8,2.2447070262978817,1.7025902430555548,-1.6180010168650787,5.0512299007936505,0.9759000729485332,0.7288541645782398,2.0673741648526036,0.3525506785222909,0.0,0.0,0.0,1,0.0,T4,1
gpr+mono,8,2.2251139828784283,1.5790247338263783,-1.5080624142159889,5.06907484404919,0.8728715609439696,0.7223084873651338,2.0673741648526036,0.3493844992576038,0.0,0.0,0.0,1,0.0,T4,1
single_best,4,2.734304021254354,2.3664929347753922,2.3664929347753922,4.636303152227633,0.7378647873726218,1.5335727861279742,1.6194675050769003,0.946961134644781,0.3333333333333333,0.0,0.75,2,1.0,T5,1
single_tof,4,2.482472421743213,2.130124528285528,1.5837180783909823,3.6114946925986056,-0.632455532033676,0.39299538130671013,1.6194675050769003,0.24266950715262964,0.6666666666666666,0.0,0.0,2,1.0,T5,1
linear,4,1.0632813877476623,0.7737783638873206,-0.11131661248380825,1.698184581495642,0.7378647873726218,0.9517464963867203,1.6194675050769003,0.5876910116461562,0.3333333333333333,0.0,0.0,2,0.5,T5,1
svr,4,1.4546215041748471,1.1500722043587759,0.7192739136152234,2.6708424535364177,0.7378647873726218,1.105070100376008,1.6194675050769003,0.6823663314711176,0.3333333333333333,0.0,0.0,2,0.5,T5,1
rf,4,2.05238412568224,1.8466599032738116,1.8466599032738116,2.7618020238095244,0.9486832980505139,2.0459475295391,1.6194675050769003,1.263345836285828,0.0,0.0,0.5,2,0.5,T5,1
gpr,4,1.5524529021448452,1.167410057863726,0.975404159448281,2.901443274490333,0.7378647873726218,1.245291743514153,1.6194675050769003,0.7689513618583045,0.3333333333333333,0.0,0.0,2,0.5,T5,1
single_best+mono,4,2.7318904106004918,2.366492934775392,2.366492934775392,4.636303152227633,0.888888888888889,1.533451471343348,1.6194675050769003,0.9468862243522028,0.0,0.0,0.75,2,1.0,T5,1
linear+mono,4,0.9541802536993867,0.7737783638873205,-0.1113166124838082,1.3550949763711286,0.888888888888889,0.9203076413961531,1.6194675050769003,0.5682779299436775,0.0,0.0,0.0,2,0.5,T5,1
svr+mono,4,1.396036391412043,1.0126100490589822,0.7192739136152234,2.6708424535364177,0.888888888888889,1.0878364943619567,1.6194675050769003,0.6717248051916305,0.0,0.0,0.0,2,0.5,T5,1
rf+mono,4,2.05238412568224,1.8466599032738116,1.8466599032738116,2.7618020238095244,0.9486832980505139,2.0459475295391,1.6194675050769003,1.263345836285828,0.0,0.0,0.5,2,0.5,T5,1
gpr+mono,4,1.5177480065319655,1.0730159155006618,0.975404159448281,2.901443274490333,0.888888888888889,1.2381159147024976,1.6194675050769003,0.7645203814347024,0.0,0.0,0.0,2,0.5,T5,1
single_best,6,1.005013574354264,0.9639542586648672,-0.25918884672169973,1.393644488137289,1.0,1.0971747978871484,1.8637633671925438,0.5886878222850059,0.0,0.0,0.0,1,1.0,T6,1
single_tof,6,1.86739740830739,1.6525168829752956,0.12047674610364963,2.835544278004831,-0.030358837035945815,0.004077494174556038,1.8637633671925438,0.002187774610409968,0.4,0.0,0.0,1,1.0,T6,1
linear,6,2.5539211397864965,2.2564251741239763,-2.2564251741239763,4.664581088424217,0.6,1.7716034712381277,1.8637633671925438,0.9505517183261092,0.4,0.5,0.0,1,0.0,T6,1
svr,6,1.8867090075922526,1.7106317779460998,-0.9730383053385178,2.8552850790279924,0.6,0.33347491472969193,1.8637633671925438,0.17892556565913065,0.4,0.0,0.0,1,1.0,T6,1
rf,6,1.662547277196658,1.5301253455687827,-1.02871310350529,2.393829117063491,0.942857142857143,0.6882305025579458,1.8637633671925438,0.36926925095359775,0.2,0.0,0.0,1,1.0,T6,1
gpr,6,1.72947717481798,1.6093556984211332,-0.7003694890389086,2.4844357410423648,0.4285714285714286,0.39838118355694635,1.8637633671925438,0.21375094637525943,0.6,0.0,0.0,1,1.0,T6,1
single_best+mono,6,1.005013574354264,0.9639542586648672,-0.25918884672169973,1.393644488137289,1.0,1.0971747978871484,1.8637633671925438,0.5886878222850059,0.0,0.0,0.0,1,1.0,T6,1
linear+mono,6,2.0203676657231457,1.7237477907517145,-1.7237477907517145,3.2041549718874784,0.9710083124552246,1.3277030024834675,1.8637633671925438,0.7123774540560028,0.0,0.0,0.0,1,0.0,T6,1
svr+mono,6,1.8755056885164123,1.702325934949264,-0.9730383053385178,2.8552850790279924,0.8451542547285165,0.3320514538157036,1.8637633671925438,0.17816180941247123,0.0,0.0,0.0,1,1.0,T6,1
rf+mono,6,1.6085776575851016,1.4336278852513222,-1.02871310350529,2.393829117063491,0.9856107606091624,0.6676271003397055,1.8637633671925438,0.3582145201970447,0.0,0.0,0.0,1,1.0,T6,1
gpr+mono,6,1.7061252134810294,1.5810251720372859,-0.7003694890389086,2.4844357410423648,0.8451542547285165,0.3966582507871227,1.8637633671925438,0.2128265088634207,0.0,0.0,0.0,1,1.0,T6,1
single_best,4,1.1562641155666662,1.0048243862390733,0.5534279910854126,1.530244414348781,0.9486832980505139,0.353832337503642,1.3563254587303153,0.26087568822520807,0.0,0.0,0.0,2,1.0,T7,1
single_tof,4,2.150031426894751,1.7525174038700313,1.6706909541153725,2.976347100490683,0.5443310539518174,0.005466605878161903,1.3563254587303153,0.0040304528997629424,0.3333333333333333,0.0,0.0,2,1.0,T7,1
linear,4,0.7702686346560783,0.497773391533915,0.497773391533915,1.5027839123332285,0.7378647873726218,1.6548869462113924,1.3563254587303153,1.2201252550111141,0.3333333333333333,0.0,0.5,2,0.0,T7,1
svr,4,0.8992548781170887,0.8659926128978517,0.3877461239782738,1.0361029892249027,0.7378647873726218,1.0216519184634143,1.3563254587303153,0.7532498279725606,0.3333333333333333,0.0,0.0,2,0.5,T7,1
rf,4,1.7439047563260472,1.388075543154762,1.388075543154762,2.7145752182539677,0.7378647873726218,1.4935814625415647,1.3563254587303153,1.1011969530821442,0.3333333333333333,0.0,0.5,2,0.5,T7,1
gpr,4,0.6983201743318779,0.631689812771991,0.30168810019239123,0.9975195524630989,0.7378647873726218,1.202740189891148,1.3563254587303153,0.8867637056795044,0.3333333333333333,0.0,0.0,2,0.5,T7,1
single_best+mono,4,1.1562641155666662,1.0048243862390733,0.5534279910854126,1.530244414348781,0.9486832980505139,0.353832337503642,1.3563254587303153,0.26087568822520807,0.0,0.0,0.0,2,1.0,T7,1
linear+mono,4,0.7212987840506623,0.4977733915339151,0.4977733915339151,1.3802820740666344,0.888888888888889,1.6526183632501246,1.3563254587303153,1.218452660172858,0.0,0.0,0.5,2,0.0,T7,1
svr+mono,4,0.6801043754875187,0.6389069912608533,0.3877461239782739,1.0361029892249027,0.888888888888889,0.9698643633990534,1.3563254587303153,0.7150675799501425,0.0,0.0,0.0,2,0.5,T7,1
rf+mono,4,1.681582611450561,1.3880755431547618,1.3880755431547618,2.7145752182539677,0.888888888888889,1.4774600591823779,1.3563254587303153,1.0893108653770012,0.0,0.0,0.5,2,0.5,T7,1
gpr+mono,4,0.5360417550999811,0.48480906836641646,0.3016881001923911,0.7037580636519496,0.888888888888889,1.1846670664052088,1.3563254587303153,0.87343864172114,0.0,0.0,0.0,2,0.5,T7,1
single_best,5,2.496750008134195,2.328159497759038,2.328159497759038,3.765159654149603,0.7826237921249264,0.9203340703659292,1.1018965468681712,0.8352272933259643,0.5,0.0,0.8,3,1.0,T8,1
single_tof,5,2.461456468553324,2.1579654506749266,2.1579654506749266,3.191574917568127,-0.8944271909999157,0.11730765382622627,1.1018965468681712,0.10645977080120637,0.75,0.0,1.0,3,1.0,T8,1
linear,5,3.309601063562826,3.0420709042517724,2.7005052215304532,4.607976262768018,0.8944271909999157,2.2512431333326064,1.1018965468681712,2.0430621547287062,0.0,0.2,0.8,3,0.6666666666666666,T8,1
svr,5,2.0953116704155446,1.7689589313582352,1.47415737457138,3.4733363309712786,0.3354101966249684,1.5685190998493415,1.1018965468681712,1.4234721982816017,0.25,0.2,0.8,3,0.6666666666666666,T8,1
rf,5,2.5137081943371973,2.1045667236652243,2.1045667236652243,3.939520744047621,0.22360679774997894,1.4157140887784325,1.1018965468681712,1.2847976452981895,0.5,0.0,0.8,3,0.6666666666666666,T8,1
gpr,5,2.490704692804518,2.2371895402504243,1.7926195488750107,3.887640948138898,0.3354101966249684,1.9126731368195116,1.1018965468681712,1.7358010080490254,0.25,0.2,0.8,3,0.6666666666666666,T8,1
single_best+mono,5,2.482852672753412,2.3281594977590374,2.3281594977590374,3.3591287489929886,0.8838834764831843,0.883736293408122,1.1018965468681712,0.8020138514090929,0.0,0.0,0.8,3,1.0,T8,1
linear+mono,5,3.2874952935966446,2.871288062891113,2.871288062891113,4.607976262768018,0.8944271909999157,1.915041706077657,1.1018965468681712,1.7379505467374596,0.0,0.0,0.8,3,0.6666666666666666,T8,1
svr+mono,5,2.055332414599366,1.6215581529648078,1.6215581529648078,3.094836944175942,0.9176629354822471,1.2554751467254481,1.1018965468681712,1.1393766050849152,0.0,0.0,0.8,3,0.6666666666666666,T8,1
rf+mono,5,2.506754542381201,2.1045667236652243,2.1045667236652243,3.646877083333335,0.8838834764831843,1.4035622099868703,1.1018965468681712,1.273769496760924,0.0,0.0,0.8,3,0.6666666666666666,T8,1
gpr+mono,5,2.429583410073851,2.014904544562717,2.014904544562717,3.5213035909360606,0.9176629354822471,1.4548025910846507,1.1018965468681712,1.320271485757456,0.0,0.0,0.8,3,0.6666666666666666,T8,1
single_best,7,1.8623415027217916,1.6163393364268752,0.9613805810443165,2.951299583459956,0.42857142857142866,1.3127223847957572,2.1747164957149456,0.603629202878785,0.3333333333333333,0.0,0.0,1,1.0,T1,2
single_tof,7,3.05729434405625,2.703358920393581,-2.1050895290826253,5.474966937649536,-0.23640271442232513,0.3349173081509,2.1747164957149456,0.1540050433290132,0.3333333333333333,0.0,0.0,1,1.0,T1,2
linear,7,7.245123993663413,7.017833880844442,7.017833880844442,9.32411533937356,0.1785714285714286,1.9381678577599055,2.1747164957149456,0.8912278274335368,0.3333333333333333,0.0,0.8571428571428571,1,1.0,T1,2
svr,7,2.5418179794539046,2.018664061823356,-1.2616562284261534,5.0911560605856625,0.10714285714285716,0.06978132779198903,2.1747164957149456,0.032087551609364225,0.5,0.0,0.0,1,1.0,T1,2
rf,7,1.8531232145855356,1.3647627267573694,-0.9590859920634918,4.255911994047619,0.7857142857142859,0.7616705859158265,2.1747164957149456,0.35023902537025847,0.3333333333333333,0.0,0.0,1,1.0,T1,2
gpr,7,2.408431721060223,1.8947804834865818,-0.8644137929137646,4.649527275915424,0.10714285714285716,0.17866858278061723,2.1747164957149456,0.08215718376747738,0.5,0.0,0.0,1,1.0,T1,2
single_best+mono,7,1.8544837235630156,1.6163393364268752,0.9613805810443165,2.922473752980855,0.9063269671749657,1.3125059902794325,2.1747164957149456,0.6035296981770222,0.0,0.0,0.0,1,1.0,T1,2
linear+mono,7,7.185212539671297,7.017833880844441,7.017833880844441,9.158030425658477,0.8017837257372733,1.8795932267927609,2.1747164957149456,0.8642934518114455,0.0,0.0,0.8571428571428571,1,1.0,T1,2
svr+mono,7,2.510794283252106,1.9835193200073526,-1.2616562284261537,5.0911560605856625,0.6123724356957946,0.005453099257503608,2.1747164957149456,0.0025074989168695676,0.0,0.0,0.0,1,1.0,T1,2
rf+mono,7,1.836949923588164,1.354505286281179,-0.9590859920634918,4.18597339616402,0.9258200997725515,0.7606061694995415,2.1747164957149456,0.34974957471387075,0.0,0.0,0.0,1,1.0,T1,2
gpr+mono,7,2.322198706743622,1.807203073110312,-0.8644137929137649,4.649527275915424,0.8017837257372733,0.02450030361750928,2.1747164957149456,0.011265975894230168,0.0,0.0,0.0,1,1.0,T1,2
single_best,3,1.5476154908708775,1.3889077103371674,-0.49179708209833123,2.245795756227985,1.0,0.6335901747258136,2.0535876465888236,0.3085284310987449,0.0,0.0,0.0,1,1.0,T2,2
single_tof,3,2.0537307824502182,1.7971711096048786,0.07233750090341899,2.8042629157624464,1.0,0.001149560620495913,2.0535876465888236,0.0005597816204267819,0.0,0.0,0.0,1,1.0,T2,2
linear,3,1.23777168439859,1.1394562091486644,-1.1394562091486644,1.5697018507086726,1.0,2.1199610762026575,2.0535876465888236,1.032320719168761,0.0,0.3333333333333333,0.0,1,0.0,T2,2
svr,3,1.1461400469978886,0.8600007198179441,-0.424256570621454,1.926385935659097,0.5,1.3510358021394138,2.0535876465888236,0.6578904992847976,0.5,0.0,0.0,1,0.0,T2,2
rf,3,0.8779807123018667,0.7189591832010582,-0.18917540013227466,1.3622018749999993,1.0,1.3328072484356173,2.0535876465888236,0.6490140562782984,0.0,0.0,0.0,1,1.0,T2,2
gpr,3,1.1768240155920315,0.7233095358783176,-0.6336236232456397,2.035399738685936,0.5,1.4748151570726702,2.0535876465888236,0.718165187408708,0.5,0.0,0.0,1,0.0,T2,2
single_best+mono,3,1.5476154908708775,1.3889077103371674,-0.49179708209833123,2.245795756227985,1.0,0.6335901747258136,2.0535876465888236,0.3085284310987449,0.0,0.0,0.0,1,1.0,T2,2
linear+mono,3,0.9450615742966335,0.6779595990177807,-0.6779595990177807,1.5697018507086726,1.0,1.4734926876005758,2.0535876465888236,0.7175212073602835,0.0,0.0,0.0,1,0.0,T2,2
svr+mono,3,1.007811672831739,0.7057331286852461,-0.424256570621454,1.6949845489600501,0.8660254037844387,1.3377593222069735,2.0535876465888236,0.6514254818532341,0.0,0.0,0.0,1,0.0,T2,2
rf+mono,3,0.8779807123018667,0.7189591832010582,-0.18917540013227466,1.3622018749999993,1.0,1.3328072484356173,2.0535876465888236,0.6490140562782984,0.0,0.0,0.0,1,1.0,T2,2
gpr+mono,3,1.050262869706999,0.6533305651632615,-0.6336236232456397,1.815215641306676,0.8660254037844387,1.4638166061266484,2.0535876465888236,0.7128094135929222,0.0,0.0,0.0,1,0.0,T2,2
single_best,9,2.681301304592366,2.39274077088902,-1.7392759973455623,4.251651833955933,0.9456149718939671,0.49015746462100873,2.4793950875163078,0.19769235935367432,0.125,0.0,0.0,2,1.0,T3,2
single_tof,9,3.1329982376991437,2.8183936140348953,-1.7739505033350125,4.910962859634092,-0.4255665935301222,0.15563603537910975,2.4793950875163078,0.06277177693975974,0.625,0.0,0.0,2,1.0,T3,2
linear,9,1.275559788070768,1.1324563680834454,-0.2373615205177295,1.8373505174431433,0.8117225864930513,1.8927463239668871,2.4793950875163078,0.7633903662618424,0.25,0.0,0.0,2,0.5,T3,2
svr,9,2.943499463660861,2.552809175144237,-2.0509967028760365,4.262680855793343,0.5272012675161055,0.6744256959021446,2.4793950875163078,0.27201219333613313,0.25,0.0,0.0,2,0.5,T3,2
rf,9,2.3893594235945814,2.187678111772486,-1.8270638194444433,3.185271924603172,0.9623515200690814,1.1305291359243506,2.4793950875163078,0.4559697410132562,0.25,0.0,0.0,2,0.5,T3,2
gpr,9,2.852493590770131,2.481863805794939,-1.879019133230254,4.214018258250549,0.5020964452534339,0.56968139956762,2.4793950875163078,0.2297662855088935,0.375,0.0,0.0,2,1.0,T3,2
single_best+mono,9,2.6789842722367747,2.39274077088902,-1.7392759973455623,4.251651833955933,0.978803165119281,0.48944959317736897,2.4793950875163078,0.1974068576814302,0.0,0.0,0.0,2,1.0,T3,2
linear+mono,9,0.9671876272656141,0.8069906299210186,-0.23736152051772968,1.6935045433410938,0.9745013620514428,1.7746363087940487,2.4793950875163078,0.715753740793187,0.0,0.0,0.0,2,0.5,T3,2
svr+mono,9,2.8883400658530074,2.552809175144237,-2.0509967028760365,4.19243387153619,0.9745013620514428,0.6049759596321881,2.4793950875163078,0.2440014351396544,0.0,0.0,0.0,2,0.5,T3,2
rf+mono,9,2.3802652878739305,2.187678111772486,-1.8270638194444433,3.185271924603172,0.9873505612967642,1.1285744326759932,2.4793950875163078,0.4551813619210336,0.0,0.0,0.0,2,0.5,T3,2
gpr+mono,9,2.8231015675381497,2.481863805794939,-1.879019133230254,4.214018258250549,0.9075315120579293,0.5488171452348282,2.4793950875163078,0.22135122715944255,0.0,0.0,0.0,2,1.0,T3,2
single_best,8,2.0855369977171536,1.611548483000488,-1.343594952615455,4.582469659481281,0.9047619047619048,0.5537740511070863,2.0673741648526036,0.2678634862144407,0.2857142857142857,0.0,0.0,1,1.0,T4,2
single_tof,8,2.1362879486478863,1.6188507744988028,-0.5400817253373136,4.5404030979952115,0.6758453353343745,0.0009286273421021951,2.0673741648526036,0.00044918203868935495,0.2857142857142857,0.0,0.0,1,1.0,T4,2
linear,8,1.5238282494378592,1.3088687104557013,0.4782978504462448,2.452851681763754,0.6666666666666669,1.2662054696290057,2.0673741648526036,0.6124703941626752,0.42857142857142855,0.0,0.0,1,1.0,T4,2
svr,8,1.5261965040052807,0.9112944531534777,-0.6546883164295384,3.8882455213613802,0.9047619047619048,0.9402964861852802,2.0673741648526036,0.4548264664284029,0.2857142857142857,0.0,0.0,1,1.0,T4,2
rf,8,2.0570496298856265,1.432633509424602,-1.2823327083333338,4.888406150793651,0.880952380952381,1.1162569204560258,2.0673741648526036,0.5399394746405816,0.42857142857142855,0.0,0.0,1,0.0,T4,2
gpr,8,1.3876160195978273,0.8243576901339054,-0.48380714514702483,3.535054218421127,0.9285714285714287,0.9962824441660199,2.0673741648526036,0.4819071753453257,0.14285714285714285,0.0,0.0,1,1.0,T4,2
single_best+mono,8,2.075979478852165,1.611548483000488,-1.3435949526154554,4.582469659481281,0.9759000729485332,0.5520564718164683,2.0673741648526036,0.26703268387598716,0.0,0.0,0.0,1,1.0,T4,2
linear+mono,8,1.329181043205519,1.1555284600450517,0.47829785044624484,2.3160598859857036,0.9697815168769668,1.1516178933535963,2.0673741648526036,0.557043767370336,0.0,0.0,0.0,1,1.0,T4,2
svr+mono,8,1.4615055249744136,0.9112944531534778,-0.6546883164295385,3.7058374993045344,0.9759000729485332,0.9303263600613074,2.0673741648526036,0.45000386281195326,0.0,0.0,0.0,1,1.0,T4,2
rf+mono,8,1.8178275753373692,1.3955841840277783,-1.2823327083333338,4.236182506613758,0.9697815168769668,0.9854670562387369,2.0673741648526036,0.4766757140495645,0.0,0.0,0.0,1,0.0,T4,2
gpr+mono,8,1.3663279188539055,0.8243576901339054,-0.48380714514702483,3.4861180547948827,0.9759000729485332,0.9948215273175519,2.0673741648526036,0.4812005220102376,0.0,0.0,0.0,1,1.0,T4,2
single_best,4,2.802876235355529,2.426091726040516,2.426091726040516,4.741888763793722,0.7378647873726218,1.578922973940775,1.6194675050769003,0.9749642823897229,0.3333333333333333,0.0,0.75,2,1.0,T5,2
single_tof,4,2.141514939837396,1.7768799920950473,1.3446986040977695,3.1268164397617486,-0.38888888888888895,0.15704088008906705,1.6194675050769003,0.09697068919058674,0.6666666666666666,0.0,0.0,2,1.0,T5,2
linear,4,2.6785115779021598,2.0770859365867222,-0.1221047014287524,4.344825982411946,-0.316227766016838,1.8691154688130138,1.6194675050769003,1.1541543519419113,0.6666666666666666,0.5,0.0,2,0.5,T5,2
svr,4,1.591371710294377,1.455766465135721,0.8507073573180957,2.429716503486822,0.7378647873726218,0.646928843375799,1.6194675050769003,0.39947009825620405,0.3333333333333333,0.0,0.0,2,1.0,T5,2
rf,4,2.0398566729772383,1.8255906696428577,1.8255906696428577,2.6118060714285702,0.9486832980505139,2.089422015393503,1.6194675050769003,1.2901907626076676,0.0,0.0,0.5,2,0.5,T5,2
gpr,4,1.8126237208181648,1.611423801289474,1.2378546397383505,2.8920737077917322,0.7378647873726218,0.6926117356666014,1.6194675050769003,0.4276786866641778,0.3333333333333333,0.0,0.25,2,1.0,T5,2
single_best+mono,4,2.7992088835769064,2.426091726040516,2.426091726040516,4.741888763793722,0.888888888888889,1.5786456469508239,1.6194675050769003,0.9747930366011648,0.0,0.0,0.75,2,1.0,T5,2
linear+mono,4,1.4708545197881753,1.4312260600338824,0.067490617578985,1.8337354424548975,0.9428090415820635,0.15377393996611755,1.6194675050769003,0.09495339639977253,0.0,0.0,0.0,2,1.0,T5,2
svr+mono,4,1.4857299872211422,1.2241186721498791,0.8507073573180958,2.429716503486822,0.888888888888889,0.5578490193601908,1.6194675050769003,0.34446447218692505,0.0,0.0,0.0,2,1.0,T5,2
rf+mono,4,2.0398566729772383,1.8255906696428577,1.8255906696428577,2.6118060714285702,0.9486832980505139,2.089422015393503,1.6194675050769003,1.2901907626076676,0.0,0.0,0.5,2,0.5,T5,2
gpr+mono,4,1.7327036035063925,1.4026936041715352,1.2378546397383503,2.8920737077917322,0.888888888888889,0.6265575999102675,1.6194675050769003,0.38689112189411634,0.0,0.0,0.0,2,1.0,T5,2
single_best,6,1.0192643021657852,0.9782841762563964,-0.2717355856779241,1.3942021367478064,1.0,1.0449908543487552,1.8637633671925438,0.560688589948446,0.0,0.0,0.0,1,1.0,T6,2
single_tof,6,1.8660383909769775,1.6519087898006672,0.09985866166137007,2.8132201902660396,0.13522468075656266,0.0024333073817000552,1.8637633671925438,0.001305588158096184,0.4,0.0,0.0,1,1.0,T6,2
linear,6,4.476321585904079,4.343033137815969,-4.343033137815969,6.121671027825067,0.7142857142857143,1.7210899061088898,1.8637633671925438,0.9234487255221845,0.4,0.6666666666666666,0.0,1,0.0,T6,2
svr,6,2.140625200388269,1.895561833926718,-1.4122098999990673,3.276900430515194,0.6571428571428573,0.3888283258612432,1.8637633671925438,0.20862537203258255,0.4,0.0,0.0,1,1.0,T6,2
rf,6,1.5782919090956102,1.477425029761904,-0.9183712400793639,2.2146371130952374,0.942857142857143,0.7282614707274796,1.8637633671925438,0.39074781892751065,0.2,0.0,0.0,1,1.0,T6,2
gpr,6,1.7853281631000533,1.6899020972879637,-0.7622776555355429,2.6699157701528535,0.6571428571428573,0.40905508533517043,1.8637633671925438,0.21947801557627208,0.4,0.0,0.0,1,1.0,T6,2
single_best+mono,6,1.0192643021657852,0.9782841762563964,-0.2717355856779241,1.3942021367478064,1.0,1.0449908543487552,1.8637633671925438,0.560688589948446,0.0,0.0,0.0,1,1.0,T6,2
linear+mono,6,2.9546797930942668,2.48102585813293,-2.48102585813293,4.273185502199977,0.8451542547285165,0.3328519608978903,1.8637633671925438,0.17859132052760412,0.0,0.0,0.0,1,0.0,T6,2
svr+mono,6,2.1022949728817735,1.8115628644806685,-1.4122098999990673,3.268436970771506,0.9258200997725515,0.3653622610092122,1.8637633671925438,0.19603468307222446,0.0,0.0,0.0,1,1.0,T6,2
rf+mono,6,1.5169273861999926,1.3746615972222216,-0.9183712400793639,2.2146371130952374,0.9856107606091624,0.7061754743292478,1.8637633671925438,0.3788976040413254,0.0,0.0,0.0,1,1.0,T6,2
gpr+mono,6,1.7202022762900937,1.570099492902844,-0.7622776555355428,2.66476734886076,0.9710083124552246,0.35250423454514374,1.8637633671925438,0.18913572438980492,0.0,0.0,0.0,1,1.0,T6,2
single_best,4,1.1456383671920125,1.0015458988990202,0.5467110782030696,1.4966227166570836,0.9486832980505139,0.3652889995403547,1.3563254587303153,0.2693225266760895,0.0,0.0,0.0,2,1.0,T7,2
single_tof,4,2.135911420746413,1.7428264555799073,1.6507436105781694,2.9537617504618403,0.5000000000000001,0.001718475583055096,1.3563254587303153,0.001267008277396634,0.3333333333333333,0.0,0.0,2,1.0,T7,2
linear,4,0.9436769389056805,0.8389263574447715,-0.3819811969777859,1.2485007787877396,0.7378647873726218,1.5726007499080406,1.3563254587303153,1.1594567806610259,0.3333333333333333,0.25,0.0,2,0.0,T7,2
svr,4,1.017137523183451,0.819387602276609,0.7489070739713289,1.4203613592758342,0.7378647873726218,1.2686020370787758,1.3563254587303153,0.9353227346085067,0.3333333333333333,0.0,0.25,2,0.5,T7,2
rf,4,1.6852374998565898,1.3644009846230136,1.3644009846230136,2.529247708333334,0.7378647873726218,1.5143746937885934,1.3563254587303153,1.1165275148681728,0.3333333333333333,0.0,0.5,2,0.5,T7,2
gpr,4,0.9312210567887479,0.7996115843102718,0.5662203220994346,1.4606037107084615,0.7378647873726218,1.11505754243917,1.3563254587303153,0.8221165025413582,0.3333333333333333,0.0,0.0,2,0.5,T7,2
single_best+mono,4,1.1456383671920125,1.0015458988990202,0.5467110782030696,1.4966227166570836,0.9486832980505139,0.3652889995403547,1.3563254587303153,0.2693225266760895,0.0,0.0,0.0,2,1.0,T7,2
linear+mono,4,0.41963349466614575,0.31063916996864627,-0.06985600228085109,0.7609903444989947,0.888888888888889,1.1479878907518126,1.3563254587303153,0.846395592859009,0.0,0.0,0.0,2,0.0,T7,2
svr+mono,4,0.9346965241904451,0.7489070739713288,0.7489070739713288,1.4203613592758342,0.888888888888889,1.2567394333470778,1.3563254587303153,0.9265766009609065,0.0,0.0,0.5,2,0.5,T7,2
rf+mono,4,1.6267880126780452,1.3644009846230136,1.3644009846230136,2.529247708333334,0.888888888888889,1.5008480157861208,1.3563254587303153,1.1065544822782403,0.0,0.0,0.5,2,0.5,T7,2
gpr+mono,4,0.8547588702876833,0.6931647764142318,0.5662203220994347,1.4606037107084615,0.888888888888889,1.1048490743662542,1.3563254587303153,0.8145899402349394,0.0,0.0,0.0,2,0.5,T7,2
single_best,5,2.459157862235959,2.2945866437834823,2.2945866437834823,3.724988414405766,0.7826237921249264,0.9107069989609098,1.1018965468681712,0.8264904736740817,0.5,0.0,0.8,3,1.0,T8,2
single_tof,5,2.527616278267273,2.2104076131046897,2.2104076131046897,3.207622728543473,-0.8944271909999157,0.12538670741217375,1.1018965468681712,0.11379172370450742,1.0,0.0,1.0,3,1.0,T8,2
linear,5,2.25324258508956,1.9128471890607268,1.5587675267020231,3.693180518584306,0.11180339887498947,1.695444800691833,1.1018965468681712,1.5386605988653423,0.5,0.2,0.8,3,0.6666666666666666,T8,2
svr,5,1.9220697145154375,1.4846081741032215,1.2498688497064478,3.2494346828550995,-0.11180339887498947,1.3871379942547848,1.1018965468681712,1.258864090460517,0.5,0.2,0.8,3,0.6666666666666666,T8,2
rf,5,2.2413383750147458,1.8108292454906203,1.8108292454906203,3.468167261904765,-0.3354101966249684,1.1840792469651287,1.1018965468681712,1.0745829545709518,0.75,0.0,0.8,3,0.6666666666666666,T8,2
gpr,5,1.9934990901121654,1.6097011469090288,1.3345116169653906,3.444759713792495,0.22360679774997894,1.488326143591881,1.1018965468681712,1.3506949884016122,0.5,0.2,0.6,3,0.6666666666666666,T8,2
single_best+mono,5,2.4443902286934533,2.2945866437834828,2.2945866437834828,3.3012662059251854,0.8838834764831843,0.8703839462103996,1.1018965468681712,0.7898962463256822,0.0,0.0,0.8,3,1.0,T8,2
linear+mono,5,2.1442240130934196,1.735807357881375,1.735807357881375,3.1870105964566497,0.7499999999999999,1.3197487601590288,1.1018965468681712,1.1977065940627918,0.0,0.0,0.8,3,0.6666666666666666,T8,2
svr+mono,5,1.8313154931755158,1.3672385119048345,1.3672385119048345,2.819048139881043,0.3952847075210474,1.1276192559524172,1.1018965468681712,1.023344032756392,0.0,0.0,0.8,3,0.6666666666666666,T8,2
rf+mono,5,2.199405249309329,1.8108292454906199,1.8108292454906199,3.2886746254960313,0.3952847075210474,1.1796907600108224,1.1018965468681712,1.0706002876256935,0.0,0.0,0.8,3,0.6666666666666666,T8,2
gpr+mono,5,1.9302620287606878,1.4721063819372093,1.4721063819372093,2.9501329774215117,0.3952847075210474,1.1800531909686047,1.1018965468681712,1.0709292032201858,0.0,0.0,0.8,3,0.6666666666666666,T8,2
