source,arm,specimen,rmse
Step1(mean_zero),gpr,T1,2.3955265707245084
Step1(mean_zero),gpr,T2,1.4829309473564494
Step1(mean_zero),gpr,T3,3.4423013970591794
Step1(mean_zero),gpr,T4,1.7588185417020004
Step1(mean_zero),gpr,T5,2.782616222482358
Step1(mean_zero),gpr,T6,1.7328224671741967
Step1(mean_zero),gpr,T7,0.6884313876494692
Step1(mean_zero),gpr,T8,1.2142955792334948
Step1(mean_zero),gpr+mono,T1,2.386258390012901
Step1(mean_zero),gpr+mono,T2,0.8928111302695607
Step1(mean_zero),gpr+mono,T3,3.4098366150618333
Step1(mean_zero),gpr+mono,T4,1.6987144414257855
Step1(mean_zero),gpr+mono,T5,2.435730753543573
Step1(mean_zero),gpr+mono,T6,1.6630985973723376
Step1(mean_zero),gpr+mono,T7,0.578984676864902
Step1(mean_zero),gpr+mono,T8,1.1801332765275938
Step1(mean_zero),linear,T1,4.279316908785342
Step1(mean_zero),linear,T2,1.2554971632977656
Step1(mean_zero),linear,T3,2.7403222515563384
Step1(mean_zero),linear,T4,1.841160844457451
Step1(mean_zero),linear,T5,4.406486379628589
Step1(mean_zero),linear,T6,1.1111564821097413
Step1(mean_zero),linear,T7,0.7375788466175086
Step1(mean_zero),linear,T8,1.6974583916237007
Step1(mean_zero),linear+mono,T1,2.037366211865658
Step1(mean_zero),linear+mono,T2,0.920485227300099
Step1(mean_zero),linear+mono,T3,2.3607424635320675
Step1(mean_zero),linear+mono,T4,1.4505408334353693
Step1(mean_zero),linear+mono,T5,3.0625263222460806
Step1(mean_zero),linear+mono,T6,0.6128649722562227
Step1(mean_zero),linear+mono,T7,0.5022359528169877
Step1(mean_zero),linear+mono,T8,1.064116232928035
Step1(mean_zero),rf,T1,1.6224724438568856
Step1(mean_zero),rf,T2,0.734567217143448
Step1(mean_zero),rf,T3,2.5568137090021885
Step1(mean_zero),rf,T4,1.4109959948075435
Step1(mean_zero),rf,T5,3.060617670018643
Step1(mean_zero),rf,T6,1.536872933790558
Step1(mean_zero),rf,T7,0.5826605803593898
Step1(mean_zero),rf,T8,1.8029420599497392
Step1(mean_zero),rf+mono,T1,1.577929705310984
Step1(mean_zero),rf+mono,T2,0.734567217143448
Step1(mean_zero),rf+mono,T3,2.5543334549792838
Step1(mean_zero),rf+mono,T4,1.2349907130014528
Step1(mean_zero),rf+mono,T5,2.7321197324576207
Step1(mean_zero),rf+mono,T6,1.4983348503049503
Step1(mean_zero),rf+mono,T7,0.5132274442220204
Step1(mean_zero),rf+mono,T8,1.6615507353448749
Step1(mean_zero),single_best,T1,2.8552614481957224
Step1(mean_zero),single_best,T2,1.4369644714867946
Step1(mean_zero),single_best,T3,2.983546678468868
Step1(mean_zero),single_best,T4,1.8967922271793145
Step1(mean_zero),single_best,T5,2.384274259138981
Step1(mean_zero),single_best,T6,0.9035653639593183
Step1(mean_zero),single_best,T7,1.208810273683772
Step1(mean_zero),single_best,T8,1.7309576606659378
Step1(mean_zero),single_best+mono,T1,2.8465154246173032
Step1(mean_zero),single_best+mono,T2,1.4369644714867946
Step1(mean_zero),single_best+mono,T3,2.9834415887465853
Step1(mean_zero),single_best+mono,T4,1.885966647168916
Step1(mean_zero),single_best+mono,T5,2.28009161622766
Step1(mean_zero),single_best+mono,T6,0.9035653639593183
Step1(mean_zero),single_best+mono,T7,1.208810273683772
Step1(mean_zero),single_best+mono,T8,1.7145716995682712
Step1(mean_zero),single_tof,T1,3.061755924118951
Step1(mean_zero),single_tof,T2,2.0544321197332915
Step1(mean_zero),single_tof,T3,3.0847425816967333
Step1(mean_zero),single_tof,T4,2.142623220970717
Step1(mean_zero),single_tof,T5,2.138463255790999
Step1(mean_zero),single_tof,T6,1.8653979256818434
Step1(mean_zero),single_tof,T7,2.1100450883017627
Step1(mean_zero),single_tof,T8,2.405663310286223
Step1(mean_zero),svr,T1,2.4866613729449925
Step1(mean_zero),svr,T2,1.3740780928802572
Step1(mean_zero),svr,T3,3.4492323856456766
Step1(mean_zero),svr,T4,1.9738539217251685
Step1(mean_zero),svr,T5,2.431579251752958
Step1(mean_zero),svr,T6,1.9631416117507698
Step1(mean_zero),svr,T7,0.7800745006819583
Step1(mean_zero),svr,T8,1.0362996952409254
Step1(mean_zero),svr+mono,T1,2.4745933828591276
Step1(mean_zero),svr+mono,T2,0.8573315518807418
Step1(mean_zero),svr+mono,T3,3.420537659718482
Step1(mean_zero),svr+mono,T4,1.88800065275061
Step1(mean_zero),svr+mono,T5,2.090909974009271
Step1(mean_zero),svr+mono,T6,1.9255719775456912
Step1(mean_zero),svr+mono,T7,0.6841211564419668
Step1(mean_zero),svr+mono,T8,0.9692295047357167
Step1(first),gpr,T1,2.325522977656212
Step1(first),gpr,T2,1.1394319903009555
Step1(first),gpr,T3,2.9673935717441786
Step1(first),gpr,T4,1.9110054981472295
Step1(first),gpr,T5,1.6825383114815051
Step1(first),gpr,T6,1.7574026689590165
Step1(first),gpr,T7,0.8147706155603129
Step1(first),gpr,T8,2.2421018914583417
Step1(first),gpr+mono,T1,2.2822403189081086
Step1(first),gpr+mono,T2,1.0280697976526811
Step1(first),gpr+mono,T3,2.938193792613336
Step1(first),gpr+mono,T4,1.795720950866167
Step1(first),gpr+mono,T5,1.6252258050191788
Step1(first),gpr+mono,T6,1.7131637448855614
Step1(first),gpr+mono,T7,0.6954003126938322
Step1(first),gpr+mono,T8,2.1799227194172692
Step1(first),linear,T1,7.2546150507062785
Step1(first),linear,T2,1.2547944324590077
Step1(first),linear,T3,1.6838057735650322
Step1(first),linear,T4,1.511395356172641
Step1(first),linear,T5,1.8708964828249113
Step1(first),linear,T6,3.5151213628452878
Step1(first),linear,T7,0.8569727867808794
Step1(first),linear,T8,2.781421824326193
Step1(first),linear+mono,T1,7.219906221133753
Step1(first),linear+mono,T2,0.9566381173042589
Step1(first),linear+mono,T3,1.5241507819772873
Step1(first),linear+mono,T4,1.2869251760215863
Step1(first),linear+mono,T5,1.212517386743781
Step1(first),linear+mono,T6,2.4875237294087063
Step1(first),linear+mono,T7,0.570466139358404
Step1(first),linear+mono,T8,2.7158596533450323
Step1(first),rf,T1,1.9321983633271138
Step1(first),rf,T2,0.8223836212256651
Step1(first),rf,T3,2.37779443325597
Step1(first),rf,T4,2.161820857547016
Step1(first),rf,T5,2.046120399329739
Step1(first),rf,T6,1.620419593146134
Step1(first),rf,T7,1.7145711280913185
Step1(first),rf,T8,2.3775232846759717
Step1(first),rf+mono,T1,1.920058368383235
Step1(first),rf+mono,T2,0.8223836212256651
Step1(first),rf+mono,T3,2.370969039073453
Step1(first),rf+mono,T4,2.031267300817625
Step1(first),rf+mono,T5,2.046120399329739
Step1(first),rf+mono,T6,1.562752521892547
Step1(first),rf+mono,T7,1.654185312064303
Step1(first),rf+mono,T8,2.353079895845265
Step1(first),single_best,T1,1.8632183898314318
Step1(first),single_best,T2,1.5476057812109891
Step1(first),single_best,T3,2.681971751690895
Step1(first),single_best,T4,2.086943186259291
Step1(first),single_best,T5,2.7685901283049414
Step1(first),single_best,T6,1.0121389382600245
Step1(first),single_best,T7,1.1509512413793392
Step1(first),single_best,T8,2.4779539351850772
Step1(first),single_best+mono,T1,1.8541028441481133
Step1(first),single_best+mono,T2,1.5476057812109891
Step1(first),single_best+mono,T3,2.679857992637091
Step1(first),single_best+mono,T4,2.0775370159996394
Step1(first),single_best+mono,T5,2.765549647088699
Step1(first),single_best+mono,T6,1.0121389382600245
Step1(first),single_best+mono,T7,1.1509512413793392
Step1(first),single_best+mono,T8,2.4636214507234326
Step1(first),single_tof,T1,3.3060097408496363
Step1(first),single_tof,T2,2.0537386554472556
Step1(first),single_tof,T3,3.085689013485744
Step1(first),single_tof,T4,2.133275343919884
Step1(first),single_tof,T5,2.3119936807903043
Step1(first),single_tof,T6,1.8667178996421836
Step1(first),single_tof,T7,2.142971423820582
Step1(first),single_tof,T8,2.4945363734102983
Step1(first),svr,T1,2.470833769060053
Step1(first),svr,T2,1.1006176756455464
Step1(first),svr,T3,3.000284892692317
Step1(first),svr,T4,1.983308571455299
Step1(first),svr,T5,1.522996607234612
Step1(first),svr,T6,2.0136671039902607
Step1(first),svr,T7,0.9581962006502698
Step1(first),svr,T8,2.0086906924654913
Step1(first),svr+mono,T1,2.4553016300780204
Step1(first),svr+mono,T2,1.0097017747027515
Step1(first),svr+mono,T3,2.960798964521387
Step1(first),svr+mono,T4,1.897387144126516
Step1(first),svr+mono,T5,1.4408831893165925
Step1(first),svr+mono,T6,1.9889003306990927
Step1(first),svr+mono,T7,0.807400449838982
Step1(first),svr+mono,T8,1.943323953887441
Step2_default,cnn,T1,2.580338640434047
Step2_default,cnn,T2,1.007235331268628
Step2_default,cnn,T3,2.602665451313335
Step2_default,cnn,T4,2.044641593041849
Step2_default,cnn,T5,1.898692631063231
Step2_default,cnn,T6,6.129381119555654
Step2_default,cnn,T7,1.374511389847103
Step2_default,cnn,T8,2.4857254785572214
Step2_default,cnn+mono,T1,2.151873272249377
Step2_default,cnn+mono,T2,1.007235331268628
Step2_default,cnn+mono,T3,2.579193274001488
Step2_default,cnn+mono,T4,2.005453122110762
Step2_default,cnn+mono,T5,1.8098148887978485
Step2_default,cnn+mono,T6,3.290402710915489
Step2_default,cnn+mono,T7,1.3708854733152787
Step2_default,cnn+mono,T8,2.454706225007478
Step2_stft_first_c1,cnn,T1,2.913569194725898
Step2_stft_first_c1,cnn,T2,2.3040536188093026
Step2_stft_first_c1,cnn,T3,3.0292691474349365
Step2_stft_first_c1,cnn,T4,2.361268025641532
Step2_stft_first_c1,cnn,T5,1.8271629836889027
Step2_stft_first_c1,cnn,T6,2.2229799833088975
Step2_stft_first_c1,cnn,T7,1.491168414677733
Step2_stft_first_c1,cnn,T8,2.4972320392869296
Step2_stft_first_c1,cnn+mono,T1,2.8263615381416036
Step2_stft_first_c1,cnn+mono,T2,2.0138281415251806
Step2_stft_first_c1,cnn+mono,T3,2.9818991202811933
Step2_stft_first_c1,cnn+mono,T4,2.182010143126371
Step2_stft_first_c1,cnn+mono,T5,1.8271629836889027
Step2_stft_first_c1,cnn+mono,T6,1.8557532903813705
Step2_stft_first_c1,cnn+mono,T7,1.491168414677733
Step2_stft_first_c1,cnn+mono,T8,2.4972320392869296
Step2_wave_first_c2,cnn,T1,1.6027428726826072
Step2_wave_first_c2,cnn,T2,0.5494707917705957
Step2_wave_first_c2,cnn,T3,2.099776121203748
Step2_wave_first_c2,cnn,T4,1.227507243177734
Step2_wave_first_c2,cnn,T5,1.738400978859331
Step2_wave_first_c2,cnn,T6,4.543623491111985
Step2_wave_first_c2,cnn,T7,0.698751918817049
Step2_wave_first_c2,cnn,T8,2.397792646783519
Step2_wave_first_c2,cnn+mono,T1,1.6022731688075171
Step2_wave_first_c2,cnn+mono,T2,0.5494707917705957
Step2_wave_first_c2,cnn+mono,T3,2.0961157257942573
Step2_wave_first_c2,cnn+mono,T4,1.2042048238352057
Step2_wave_first_c2,cnn+mono,T5,1.738400978859331
Step2_wave_first_c2,cnn+mono,T6,3.290261989804258
Step2_wave_first_c2,cnn+mono,T7,0.6635146805754921
Step2_wave_first_c2,cnn+mono,T8,2.3944697328108564
Step2_wave_first_c2_anch,cnn,T1,1.6027428726826072
Step2_wave_first_c2_anch,cnn,T2,0.5494707917705957
Step2_wave_first_c2_anch,cnn,T3,2.099776121203748
Step2_wave_first_c2_anch,cnn,T4,1.227507243177734
Step2_wave_first_c2_anch,cnn,T5,1.738400978859331
Step2_wave_first_c2_anch,cnn,T6,4.543623491111985
Step2_wave_first_c2_anch,cnn,T7,0.698751918817049
Step2_wave_first_c2_anch,cnn,T8,2.397792646783519
Step2_wave_first_c2_anch,cnn+anchor,T1,1.6389336471815468
Step2_wave_first_c2_anch,cnn+anchor,T2,0.5429300679788847
Step2_wave_first_c2_anch,cnn+anchor,T3,2.361601684533252
Step2_wave_first_c2_anch,cnn+anchor,T4,1.2827749434273135
Step2_wave_first_c2_anch,cnn+anchor,T5,1.448496799757161
Step2_wave_first_c2_anch,cnn+anchor,T6,3.228832474648502
Step2_wave_first_c2_anch,cnn+anchor,T7,0.7635669632439845
Step2_wave_first_c2_anch,cnn+anchor,T8,2.233773579030263
Step2_wave_first_c2_anch,cnn+mono,T1,1.6022731688075171
Step2_wave_first_c2_anch,cnn+mono,T2,0.5494707917705957
Step2_wave_first_c2_anch,cnn+mono,T3,2.0961157257942573
Step2_wave_first_c2_anch,cnn+mono,T4,1.2042048238352057
Step2_wave_first_c2_anch,cnn+mono,T5,1.738400978859331
Step2_wave_first_c2_anch,cnn+mono,T6,3.290261989804258
Step2_wave_first_c2_anch,cnn+mono,T7,0.6635146805754921
Step2_wave_first_c2_anch,cnn+mono,T8,2.3944697328108564
Step2_wave_first_c2_anch,cnn+mono+anchor,T1,1.6389336471815468
Step2_wave_first_c2_anch,cnn+mono+anchor,T2,0.5429300679788847
Step2_wave_first_c2_anch,cnn+mono+anchor,T3,2.3583336485707234
Step2_wave_first_c2_anch,cnn+mono+anchor,T4,1.2784251014091168
Step2_wave_first_c2_anch,cnn+mono+anchor,T5,1.448496799757161
Step2_wave_first_c2_anch,cnn+mono+anchor,T6,3.228832474648502
Step2_wave_first_c2_anch,cnn+mono+anchor,T7,0.7320783017537363
Step2_wave_first_c2_anch,cnn+mono+anchor,T8,2.2302070280308772
Step2_wave_first_c2_ch2dup,cnn,T1,2.212653937385564
Step2_wave_first_c2_ch2dup,cnn,T2,1.041143997424123
Step2_wave_first_c2_ch2dup,cnn,T3,2.4318631867400713
Step2_wave_first_c2_ch2dup,cnn,T4,2.0863261619654003
Step2_wave_first_c2_ch2dup,cnn,T5,1.6868583499484369
Step2_wave_first_c2_ch2dup,cnn,T6,5.866915470519034
Step2_wave_first_c2_ch2dup,cnn,T7,1.1224071036758996
Step2_wave_first_c2_ch2dup,cnn,T8,2.607202376884942
Step2_wave_first_c2_ch2dup,cnn+mono,T1,2.0421113722258335
Step2_wave_first_c2_ch2dup,cnn+mono,T2,1.041143997424123
Step2_wave_first_c2_ch2dup,cnn+mono,T3,2.40385623595573
Step2_wave_first_c2_ch2dup,cnn+mono,T4,2.0593480857875988
Step2_wave_first_c2_ch2dup,cnn+mono,T5,1.4741166047639562
Step2_wave_first_c2_ch2dup,cnn+mono,T6,3.290402710915489
Step2_wave_first_c2_ch2dup,cnn+mono,T7,1.1147520815828038
Step2_wave_first_c2_ch2dup,cnn+mono,T8,2.5450766280427657
Step2_wave_first_c2_ch2rand,cnn,T1,1.8627168807849057
Step2_wave_first_c2_ch2rand,cnn,T2,1.834262604171567
Step2_wave_first_c2_ch2rand,cnn,T3,2.681789215267739
Step2_wave_first_c2_ch2rand,cnn,T4,2.2835439454233777
Step2_wave_first_c2_ch2rand,cnn,T5,2.452218105605118
Step2_wave_first_c2_ch2rand,cnn,T6,6.198887043005874
Step2_wave_first_c2_ch2rand,cnn,T7,1.282365839197677
Step2_wave_first_c2_ch2rand,cnn,T8,2.1048752028639153
Step2_wave_first_c2_ch2rand,cnn+mono,T1,1.7133987011458622
Step2_wave_first_c2_ch2rand,cnn+mono,T2,1.834262604171567
Step2_wave_first_c2_ch2rand,cnn+mono,T3,2.6036023443310228
Step2_wave_first_c2_ch2rand,cnn+mono,T4,2.2658419001172208
Step2_wave_first_c2_ch2rand,cnn+mono,T5,1.9945038300599982
Step2_wave_first_c2_ch2rand,cnn+mono,T6,3.290402710915489
Step2_wave_first_c2_ch2rand,cnn+mono,T7,1.280738192100857
Step2_wave_first_c2_ch2rand,cnn+mono,T8,2.0675080361972955
Step2_wave_first_c2_ch2shuffle,cnn,T1,2.27367829558686
Step2_wave_first_c2_ch2shuffle,cnn,T2,1.4770154783044018
Step2_wave_first_c2_ch2shuffle,cnn,T3,2.7679088767851665
Step2_wave_first_c2_ch2shuffle,cnn,T4,2.2176498531674715
Step2_wave_first_c2_ch2shuffle,cnn,T5,2.1353350529365405
Step2_wave_first_c2_ch2shuffle,cnn,T6,5.682586601174259
Step2_wave_first_c2_ch2shuffle,cnn,T7,0.959366797917957
Step2_wave_first_c2_ch2shuffle,cnn,T8,1.9542289396655064
Step2_wave_first_c2_ch2shuffle,cnn+mono,T1,1.7850323348225587
Step2_wave_first_c2_ch2shuffle,cnn+mono,T2,1.4770154783044018
Step2_wave_first_c2_ch2shuffle,cnn+mono,T3,2.7265896542104207
Step2_wave_first_c2_ch2shuffle,cnn+mono,T4,2.198916967878945
Step2_wave_first_c2_ch2shuffle,cnn+mono,T5,2.0011797618640683
Step2_wave_first_c2_ch2shuffle,cnn+mono,T6,3.290402710915489
Step2_wave_first_c2_ch2shuffle,cnn+mono,T7,0.9405229049723463
Step2_wave_first_c2_ch2shuffle,cnn+mono,T8,1.8767796295313066
Step2_wave_first_c2_ch2zero,cnn,T1,2.512306553250585
Step2_wave_first_c2_ch2zero,cnn,T2,1.1608680748887719
Step2_wave_first_c2_ch2zero,cnn,T3,2.477630307943747
Step2_wave_first_c2_ch2zero,cnn,T4,1.9229760817751937
Step2_wave_first_c2_ch2zero,cnn,T5,1.585474282043485
Step2_wave_first_c2_ch2zero,cnn,T6,5.593892168026244
Step2_wave_first_c2_ch2zero,cnn,T7,0.8933664620484629
Step2_wave_first_c2_ch2zero,cnn,T8,2.3837183205646344
Step2_wave_first_c2_ch2zero,cnn+mono,T1,2.3276644629060446
Step2_wave_first_c2_ch2zero,cnn+mono,T2,1.1608680748887719
Step2_wave_first_c2_ch2zero,cnn+mono,T3,2.4395015086012037
Step2_wave_first_c2_ch2zero,cnn+mono,T4,1.9187037455866294
Step2_wave_first_c2_ch2zero,cnn+mono,T5,1.442740661300017
Step2_wave_first_c2_ch2zero,cnn+mono,T6,3.290402710915489
Step2_wave_first_c2_ch2zero,cnn+mono,T7,0.8834169272793184
Step2_wave_first_c2_ch2zero,cnn+mono,T8,2.2829432262950844
Step2_wave_zero_c1,cnn,T1,2.463599226400822
Step2_wave_zero_c1,cnn,T2,1.0075808245156403
Step2_wave_zero_c1,cnn,T3,2.7152839980116257
Step2_wave_zero_c1,cnn,T4,2.212635515972185
Step2_wave_zero_c1,cnn,T5,3.032395758525669
Step2_wave_zero_c1,cnn,T6,7.612513372478709
Step2_wave_zero_c1,cnn,T7,0.9154014347412243
Step2_wave_zero_c1,cnn,T8,2.01205775979438
Step2_wave_zero_c1,cnn+mono,T1,2.226371749692089
Step2_wave_zero_c1,cnn+mono,T2,1.0075808245156403
Step2_wave_zero_c1,cnn+mono,T3,2.6982307677098367
Step2_wave_zero_c1,cnn+mono,T4,2.162023247747908
Step2_wave_zero_c1,cnn+mono,T5,2.8172085258915454
Step2_wave_zero_c1,cnn+mono,T6,3.290402710915489
Step2_wave_zero_c1,cnn+mono,T7,0.9015998269766954
Step2_wave_zero_c1,cnn+mono,T8,1.9705261098823894
Step2_wave_zero_c2,cnn,T1,2.2255852290291016
Step2_wave_zero_c2,cnn,T2,1.1239210848407577
Step2_wave_zero_c2,cnn,T3,1.9544097737736237
Step2_wave_zero_c2,cnn,T4,1.1599765676292808
Step2_wave_zero_c2,cnn,T5,3.1567385716914966
Step2_wave_zero_c2,cnn,T6,3.2242286272219207
Step2_wave_zero_c2,cnn,T7,0.41413571169032737
Step2_wave_zero_c2,cnn,T8,1.0429724681305403
Step2_wave_zero_c2,cnn+mono,T1,2.2073618677185074
Step2_wave_zero_c2,cnn+mono,T2,1.004508328583713
Step2_wave_zero_c2,cnn+mono,T3,1.9493979802113066
Step2_wave_zero_c2,cnn+mono,T4,1.108606707721915
Step2_wave_zero_c2,cnn+mono,T5,2.714059123572857
Step2_wave_zero_c2,cnn+mono,T6,2.087539953829637
Step2_wave_zero_c2,cnn+mono,T7,0.41413571169032737
Step2_wave_zero_c2,cnn+mono,T8,0.9171684856128102
