specimen,cycle,rep,pp_ch1_raw,env_peak_abs,env_peak_t,tof_first,rms_ch2_abs,h_centroid,h_peak_f,h_peak_mag_rel,h_bw90,h_flatness,c_centroid,c_entropy,wpt_e0,wpt_e1,wpt_e2,wpt_e3,wpt_e4,wpt_e5,wpt_e6,wpt_e7,env_peak_ratio,env_peak_drop,rms_ratio,tof_shift,env_peak_t_shift,e_direct_frac,e_direct_ratio,e_late_frac,e_late_ratio,e_tail_frac,e_tail_ratio,corr_baseline,di_relres,corr_env,env_relres,H_l1_rel,crack_mm
T1,50000,1,4.24,0.264171067761241,5.4999999999999995e-05,0.0,0.036657210231732164,228529.60028699788,295000.0,3.504996323177581,0.40824932663561764,0.8153804627852956,218389.1416997752,3.521892651884934,0.08145560292822057,0.8185575439729906,0.0027153332831749456,0.08965245622631464,3.79447270529491e-05,0.005330976203653205,5.288077072226839e-05,0.0021972618878706414,0.9388928104575214,0.061107189542478624,0.9868460679989848,-2.4e-05,4.999999999999986e-07,0.029391687319696762,1.1059885422773827,0.890078359423138,0.9051506512477104,0.08052995325716525,1.1573326136063202,0.9740225056481687,0.22687160105688042,0.9954176061964266,0.09045657032938739,0.10689222691128217,0.0
T1,50000,2,4.279999999999999,0.298557850425939,5.4499999999999997e-05,4.8e-05,0.039470410027588644,234931.03309413377,295000.0,2.5098802943034952,0.39079388156324096,0.7953424936201008,221031.94835809767,3.4696533559348883,0.02695788597484619,0.8801121004035446,0.002157147793856663,0.08228757381207422,2.854815121416465e-05,0.006222513875613646,7.244381235005005e-05,0.002161786176500587,1.0611071895424788,-0.061107189542478846,1.0625800133670726,2.4e-05,0.0,0.020498838469860253,0.8940114577226173,0.9289108074988853,1.0948493487522895,0.050590354031254475,0.8426673863936796,0.9776353174817046,0.22687160105688042,0.996278244948175,0.09045657032938738,0.10689222691128218,0.0
T1,60000,1,4.24,0.15089693727793807,0.0001315,8.45e-05,0.04279760037173551,237758.6826004695,240000.0,3.83246579226302,0.3396340362539415,0.5933085894981527,231145.6591206218,3.1469512247459606,0.0029875083017143187,0.21159362170655655,0.00040387078986426993,0.7753301512109353,1.0233295432742348e-05,0.0032776156318583475,1.5570522009169537e-06,0.006395442011437468,0.5363041862644968,0.46369581373550317,1.152151060586679,6.049999999999999e-05,7.7e-05,1.4410877789768533e-05,0.0007388658116167971,0.03191820859275468,0.04422625463729939,0.9680673805294556,18.956377934773055,-0.10064224261718746,1.5998004018567764,-0.1768796503833753,1.2995740931566426,0.5472901205734374,2.18
T1,60000,2,4.24,0.14946957115225198,0.0001315,8.45e-05,0.042684845425204045,238222.64319530825,240000.0,3.814360306344111,0.3360360642881672,0.592472726438042,231355.54322137428,3.147282124863603,0.002920092627885847,0.21100156819873095,0.0004156431136029823,0.7759060019457718,1.013747253478723e-05,0.003106006897248032,1.7720594981413204e-06,0.006638777684727566,0.5312311712494365,0.46876882875056347,1.1491155929411982,6.049999999999999e-05,7.7e-05,1.1514862632502294e-05,0.0005872766530346588,0.032012404090900566,0.044123380866651254,0.9679760810464669,18.854856704764348,-0.09914815049305692,1.5963493595540728,-0.17648810104067703,1.2974557396372333,0.5507638885113436,2.18
T1,62500,1,4.24,0.1357634021491852,0.00013199999999999998,8.4e-05,0.040783164517363295,233089.14091432042,240000.0,4.339493521523821,0.31063691489608863,0.5983732953381752,229308.5458826793,3.1038328396861354,0.003108221562682268,0.26450437141237465,0.00018137026552292887,0.723187654775684,7.693816023475228e-06,0.0047256374198337125,2.4920538433448565e-06,0.004282558694035583,0.48251795051352364,0.5174820494864764,1.0979205807013728,5.9999999999999995e-05,7.749999999999999e-05,6.149952439490348e-05,0.002863313578584976,0.03119044613745033,0.03924508368560609,0.9687480543381548,17.22592827403591,-0.10189795880122543,1.558582459557226,-0.1758672145674004,1.262833689230661,0.5741603140171953,2.76
T1,62500,2,4.24,0.13626555517039857,0.00013199999999999998,8.4e-05,0.04110420884725036,233695.71393494148,240000.0,4.28395349218546,0.3048590311860952,0.5932767082494118,229622.07782857848,3.1048485187900488,0.0028766020034048903,0.2503361261768539,0.00014779604131740634,0.7375111071373907,6.9665439425824475e-06,0.004466922439725106,2.338136621142728e-06,0.004652141520744297,0.48430265716350723,0.5156973428364928,1.106563391559035,5.9999999999999995e-05,7.749999999999999e-05,1.1636749829094701e-05,0.0005503513967142196,0.029978797920863217,0.038316788954401645,0.9700095653293077,17.521005572078003,-0.10053535807606295,1.5642825453605214,-0.17688191604096792,1.2703702547694842,0.5696819337486828,2.76
T1,65500,1,4.24,0.12863752968115405,0.000183,8.4e-05,0.04113232922577125,223177.67931497225,240000.0,4.653272072295647,0.34857243863441234,0.6918222187499892,224027.2394383641,3.120697070759403,0.004652508179558064,0.40337319677597144,0.0005585601377676433,0.5835345320611388,3.0865260589112663e-06,0.005222767972803657,1.0311071068067902e-05,0.0026450372756333697,0.45719182193642116,0.5428081780635788,1.1073204182066865,5.9999999999999995e-05,0.0001285,1.17739892245514e-05,0.0005576030214124643,0.03170531559046841,0.040578882408427115,0.9682829104203071,17.51371938447266,-0.08104666168180469,1.551015177339525,-0.16624086654199663,1.2653836092490616,0.5713762348091078,3.51
T1,65500,2,4.24,0.12836302417081963,0.0001835,8.4e-05,0.041032120972125524,224088.82940060354,240000.0,4.6993782386789995,0.3420050576146464,0.6843749050479236,224402.53285031483,3.1130517787653917,0.004562168424203918,0.39102400913630375,0.00043662607565949735,0.5960199071297857,3.1723367437289414e-06,0.00513716648577712,8.332564830444644e-06,0.002808617846695728,0.4562161993890009,0.5437838006109992,1.1046227191601363,5.9999999999999995e-05,0.000129,3.7882449005393773e-06,0.00017853395147464853,0.03133786902444569,0.0399134021775546,0.9686583427306539,17.43524397428457,-0.08351471138614151,1.5507082266278909,-0.16511632682001304,1.2633347781285054,0.5791520930694569,3.51
T1,69025,1,4.24,0.11277089953845844,0.000169,8.45e-05,0.03349919757076411,228300.7613034919,240000.0,3.424098101209588,0.34144993141129354,0.6389952291838592,226467.9333408297,3.196651887060203,0.00389565777898065,0.338907252037944,0.003970504122907085,0.6448382633015476,8.176950545851441e-06,0.005649764201238549,2.825478278955933e-05,0.002702126824046699,0.40080008648479504,0.599199913515205,0.9018294407797761,6.049999999999999e-05,0.00011449999999999999,8.32857719514934e-05,0.002616250151551457,0.02290012366814237,0.019440740167906895,0.9770165905599061,11.72154948025617,-0.075528910562532,1.396253215625239,-0.13876068673797723,1.1375137382116787,0.48269859106818436,4.51
T1,69025,2,4.24,0.11206688379794263,0.000169,8.499999999999999e-05,0.033353308573382645,227613.56064488646,240000.0,3.418249273841011,0.34663718452028913,0.6478187479703174,226160.64851427416,3.2050412966008888,0.003791389614785974,0.37737412195956743,0.004195727559748333,0.6062451668519435,1.0720594247151406e-05,0.006120332089261802,2.8084231383615763e-05,0.0022344570990621977,0.398297937696054,0.601702062303946,0.8979019737816032,6.099999999999999e-05,0.00011449999999999999,3.92795082904121e-05,0.0012231588979982728,0.02327283490584775,0.019585408860170923,0.9766878855858617,11.615750446281593,-0.08043785151266987,1.396666668684621,-0.13672346423925769,1.1343123878514747,0.48162221396076754,4.51
T1,70026,1,4.24,0.10026255215276766,0.0001695,8.499999999999999e-05,0.028885478737217012,229936.75605598037,260000.0,3.163541732349789,0.3385574054262366,0.6489093340775582,226966.7861732249,3.253093823911626,0.004611090130885513,0.4702691308888102,0.0043334691901975066,0.5118304875359967,3.2665560796054356e-05,0.00718646879883707,2.022904543849206e-05,0.0017164588490384098,0.35634405452544177,0.6436559454745583,0.7776238544583843,6.099999999999999e-05,0.000115,6.210743751548353e-05,0.001450582976979517,0.0246834227868879,0.015580122376745357,0.9752544697755967,8.699445076858433,-0.09258147893034835,1.322378577571866,-0.11914539921004129,1.073700896216725,0.4502806450020464,4.9
T1,70026,2,4.24,0.09990794201970964,0.0001695,8.45e-05,0.028763528737322516,229016.05304928703,260000.0,3.1929917836297417,0.3435721339644758,0.6503435354307344,226736.59306895165,3.2545243954045016,0.00480313481771957,0.4435259839121448,0.004481694668888507,0.5382381289309063,2.976665728457976e-05,0.006992327494019054,2.2761224339164478e-05,0.0019062022946981613,0.35508373140502925,0.6449162685949708,0.7743408474557351,6.049999999999999e-05,0.000115,4.744895648321773e-05,0.0010988765616365263,0.02527150637526591,0.01581684619836683,0.9746810446682509,8.621034842454078,-0.09252061743097789,1.3201849101779999,-0.11975943924967576,1.0722144280332482,0.45376696353260615,4.9
T1,70766,1,4.24,0.10485287084074581,0.0001805,5.35e-05,0.027776395140760687,227867.5930622092,255000.0,3.6799660692893714,0.357436286504551,0.6908074368019661,225718.27075871048,3.267621545468205,0.005579934517837125,0.45218158289839505,0.0011035712587243087,0.5317452698598559,1.7093961640051572e-05,0.007374988589780725,4.0437616802100295e-06,0.001993515152086452,0.37265854819946787,0.6273414518005321,0.7477662963047185,2.95e-05,0.000126,4.0035292116912865e-05,0.0008646371132010237,0.015245461088308111,0.00889811372833113,0.984714503619575,8.122240439173519,-0.10447871424874525,1.3097349570565016,-0.10907342721998525,1.066089298774857,0.475483106234739,7.46
T1,70766,2,4.24,0.10456661077101373,0.00018099999999999998,5.3e-05,0.027547277633557528,228259.49934319442,255000.0,3.6170718047656853,0.3569767683660773,0.6930836536791707,225499.75303475827,3.2741857506493948,0.005565513722122245,0.4963449062070916,0.0011295249196499868,0.4875973825881781,2.0776934458396085e-05,0.007587377361534725,3.355865984909946e-06,0.0017511624009800236,0.3716411486648775,0.6283588513351225,0.7415982406980908,2.9e-05,0.00012649999999999998,6.014555657913363e-05,0.0012776172869271053,0.015499391191076645,0.008897712891866414,0.9844404632523442,7.986588768291507,-0.1095363820746554,1.3085989588922071,-0.1074934309661595,1.0622708849005658,0.4774896255410228,7.46
T2,50000,1,1.88,0.11370994473674524,0.000148,4.9999999999999996e-05,0.029826724381406513,216052.14166929852,255000.0,4.998606439373186,0.42320937679398424,0.5729382583101535,214942.78303264224,3.422100913844932,0.011168377224509049,0.7143867700988882,0.0014297420089982055,0.26689948037287975,2.1495483187194062e-05,0.0024052543558065807,1.5649290324822965e-05,0.003673231165406175,1.0001064115288438,-0.00010641152884383054,0.9963872595486499,0.0,0.0,2.7180137242309454e-05,0.05594509885463251,0.0645419497913212,0.9527491228180412,0.9354308700714365,0.9955876103614655,0.9997379110336594,0.023160707407392594,0.9997860991413284,0.016799817950876393,0.06673939208754512,0.0
T2,50000,2,1.92,0.11368574721351234,0.000148,4.9999999999999996e-05,0.03005862468009519,216145.0777160229,150000.0,3.9605273527446236,0.42434107795390386,0.6169045144339337,214349.89669581963,3.428950523231513,0.016208981123803,0.7086656745596333,0.0016755938228013895,0.2674020136785049,2.0580228551723648e-05,0.0023795893410155844,1.943601935597256e-05,0.0036281312263342206,0.9998935884711563,0.00010641152884371952,1.0041340875323144,0.0,0.0,0.0009299741202326145,1.9440549011453676,0.06985331066636274,1.0472508771819586,0.9292167152134047,1.0044123896385346,0.9997419391032442,0.023160707407392598,0.9997843730801129,0.0167998179508764,0.06673939208754513,0.0
T2,70033,1,1.8399999999999999,0.11735248078089054,0.00018199999999999998,4.95e-05,0.02534352465526236,206367.96578002017,150000.0,7.822531566169379,0.4646105704354774,0.5665593291816491,212554.55392324377,3.4241701074910833,0.02176785075729828,0.6718364094521401,0.0017654931832322498,0.29758348382589855,0.00014186717912165062,0.0027461314156898473,8.107662764186357e-05,0.004077687558977505,1.0321433952808674,-0.032143395280867404,0.846622135091112,-4.999999999999986e-07,3.3999999999999986e-05,9.910033252924891e-05,0.14727433512881766,0.10210370501845872,1.0882270996049603,0.897797194649012,0.6899022927479402,0.5503615869596571,0.8859309142254199,0.7227078376913411,0.5323612569464178,0.4301216342748564,3.25
T2,70033,2,1.8399999999999999,0.11767766605035193,0.00018199999999999998,4.95e-05,0.025358137472325876,206152.1309067476,150000.0,8.698037632683262,0.46881600308003657,0.5566669905692783,212617.9642036848,3.4228886905234304,0.021516989420919674,0.6780685756339553,0.0016190850091300831,0.29167064229877004,0.0001472934878026695,0.0028246797747879656,7.781490868466351e-05,0.0040749194659498375,1.0350034782197521,-0.03500347821975214,0.8471102887536468,-4.999999999999986e-07,3.3999999999999986e-05,8.190704392852359e-05,0.12186155853385815,0.10104276026047947,1.0781439587427306,0.898875332695592,0.6915161441041162,0.5555158930803898,0.8811528927352489,0.7211745840045161,0.5347361791445728,0.43265365468159867,3.25
T2,72000,1,1.92,0.06815973264939697,0.000193,4.9e-05,0.019878050622862735,226023.2248619744,260000.0,11.152589133366499,0.34599037380205144,0.4656428612537598,216952.0228409065,3.38583677167222,0.013544700296198036,0.5952091172210927,0.005202365537545659,0.37905378510493626,3.9386556353724136e-05,0.004004189185527365,9.765916040952049e-05,0.0028487969379365164,0.5994813012051855,0.4005186987948145,0.6640432966092118,-9.999999999999972e-07,4.500000000000001e-05,4.241975715998891e-05,0.03878073764681279,0.16127080540450814,1.0573766570570138,0.8386867748383319,0.3964651950746341,0.5467106532311693,0.8455026015227604,0.7129247519401444,0.5693094044042657,0.5811464348188492,4.95
T2,72000,2,1.92,0.06799050823514526,0.000193,4.9e-05,0.019808875218032783,222628.94804568234,260000.0,9.248812629775893,0.35624313270368785,0.48061704532266064,216808.97347012686,3.3848086972944604,0.013833139619798377,0.5986162382458758,0.0052789659609019796,0.3753212086915254,3.972623463999243e-05,0.003987328551662742,9.982918782865243e-05,0.0028235635077670045,0.5979929316340616,0.40200706836593836,0.6617324329969255,-9.999999999999972e-07,4.500000000000001e-05,0.00013189413735908203,0.11974389602478495,0.16300651453534687,1.061350747370857,0.8368615913272941,0.39286099630841814,0.5456673561515859,0.8460017760961899,0.7117780309965013,0.5701316929911361,0.5264766582065056,4.95
T3,14000,1,1.92,0.09981920572982643,0.000194,0.0001085,0.018158341798211717,199876.41894921302,260000.0,6.711122632353505,0.5060652615118848,0.6068326203556578,193992.61604146133,3.519618881515577,0.05764419969738851,0.6916316653880338,0.013361222834985713,0.2329441583855962,0.00016060239360453916,0.0020836803945674556,1.977884261944153e-05,0.0021546920632043187,0.9913832172575388,0.008616782742461249,1.0331513194064115,2.499999999999925e-07,0.0,0.00025151818462978417,0.6678892185577843,0.005011357490450415,0.6233294464603684,0.9947371243249199,0.9399579430056605,0.9277864090345472,0.38770380121787607,0.9899146450491618,0.11622400773256918,0.16206535667339605,0.0
T3,14000,2,1.8399999999999999,0.09755958455790928,0.000194,0.0001085,0.01793872662019105,206436.01197002226,260000.0,8.531974702541245,0.49375815939033846,0.6008908676510968,194302.27535167252,3.522570544982009,0.06156111238183346,0.693282555235253,0.012986648101720202,0.22768091356667478,0.00016913460215618354,0.0021136964828883074,1.7333672866490744e-05,0.0021886059566076045,0.9689411381924966,0.03105886180750339,1.020655921233211,2.499999999999925e-07,0.0,0.0008027317539758196,2.0807885433322726,0.005448419539054243,0.6615387110670882,0.99374884870697,0.9166408260628591,0.9382929200578397,0.3555137272258812,0.9897279950605196,0.11818025597952549,0.13875958291353085,0.0
T3,50000,1,1.88,0.10072303052855731,0.0001935,7.95e-05,0.019093332624783618,207214.28478939296,260000.0,6.294668876436021,0.492519538944656,0.672460143950002,199209.56197544688,3.481105670527878,0.06731634420472106,0.7354588403093499,0.0057199178488182715,0.18665455246720392,0.00021502221746009235,0.0026188946587911367,1.6259900639880523e-05,0.002000168393015689,1.0003598137977698,-0.0003598137977698368,1.0863492940254809,-2.8750000000000008e-05,-5.000000000000122e-07,0.00023266065391948078,0.6830759825628893,0.009850241904131866,1.3546284209082882,0.9899170974419487,1.034212896390519,0.943726922154778,0.36016735817915563,0.9897329918778938,0.11750072340650636,0.15741504077659046,0.0
T3,50000,2,1.88,0.10464538729544437,0.0001935,0.000108,0.019766850267652347,210847.75694594078,260000.0,8.048330745850032,0.4724009194392789,0.6430823760711487,199180.37724009345,3.482830530017608,0.06560733554020426,0.736874900484468,0.005881575452805766,0.18684765753109614,0.00020729973529166502,0.0026004455840258896,1.3988778762096534e-05,0.0019667968933462115,1.039315830752195,-0.039315830752195025,1.124670284405883,-2.500000000000061e-07,-5.000000000000122e-07,0.00018058837925506634,0.5682462555470539,0.009230508788197393,1.3605034215642553,0.9905889028325476,1.1091883345409606,0.9412224056096024,0.3843870731077112,0.9917918502252879,0.1211260890083858,0.13890041276700565,0.0
T3,57038,1,1.92,0.09576615114584783,0.0001935,0.0001085,0.020331893408331365,202607.23092834785,150000.0,5.636612310446435,0.5099386829937496,0.7069245467994781,198873.91137786338,3.464764427880258,0.06545333884377251,0.6813832397328417,0.00483822317378083,0.24395403473672533,0.0001642931640531769,0.002114328109424015,1.439068902640263e-05,0.002078151550376076,0.9511291372555328,0.04887086274446717,1.1568194240575862,2.499999999999925e-07,-5.000000000000122e-07,0.00010114933384771319,0.3367308876036547,0.00556013353742662,0.8670264893561415,0.9943387171287256,1.1779295883649006,0.8577219193774065,0.5947881048966344,0.9516478094110359,0.27200795635048103,0.24483855841440794,2.57
T3,57038,2,1.8399999999999999,0.09753087013127842,0.0001935,0.000108,0.02059407424811172,204679.0091753314,260000.0,3.505710442978494,0.48917720389236197,0.7546088638231973,198674.929064598,3.4636919261039,0.06523269141376964,0.6865178419831719,0.004602329284564234,0.23929318697962093,0.00016508923214952092,0.002160087962636792,1.4967133915889893e-05,0.0020138060101710154,0.968655952586712,0.031344047413288,1.1717366716538853,-2.500000000000061e-07,-5.000000000000122e-07,9.199356985750579e-05,0.31419913065141336,0.005174313790336111,0.8278039325752361,0.9947336926398064,1.208980755090795,0.844531427665902,0.6275589066257448,0.954527990149858,0.27142847483828114,0.33028639762651346,2.57
T3,60035,1,1.8399999999999999,0.11027751839858689,0.0001935,0.00010899999999999999,0.02193955412972514,214065.9975000744,260000.0,7.869632387643916,0.4511326918230756,0.6321673585893388,200902.96839823682,3.4524672556013885,0.04874641968393884,0.6185615364462527,0.009691890115438468,0.3183200841735764,0.00013859825732148398,0.0021220533734756138,1.0551354104637091e-05,0.002408866595892099,1.095252964415254,-0.095252964415254,1.2482901549163596,7.499999999999911e-07,-5.000000000000122e-07,0.0004439850602961668,1.7212242614276356,0.003820824315896061,0.6938305002654849,0.9957351906238079,1.373656074123049,0.7790273881582692,0.7831496477719266,0.9336850867566109,0.3598520956942866,0.37247967044612545,4.02
T3,60035,2,1.8399999999999999,0.11105822397693628,0.000193,0.00010899999999999999,0.022070465424104648,208077.61097777353,260000.0,4.709560875987295,0.49204496402103204,0.6854483997745945,200342.16058762735,3.452651599418454,0.061963702836431184,0.6090000055654802,0.010203984191240212,0.31421532910241806,0.00013335259608450196,0.0020877701521834252,2.202342922633106e-05,0.002373832126936153,1.103006766925863,-0.10300676692586297,1.255738587048346,7.499999999999911e-07,-9.999999999999972e-07,0.0037727427481774067,14.800146653853746,0.0039018962576803044,0.7169877902932732,0.9923253609941423,1.385249395401306,0.7810511475248442,0.7844071084649874,0.9320239845982582,0.3667339803672433,0.41267503675513934,4.02
T3,62017,1,1.88,0.08987319682389935,0.000193,0.0001085,0.018707239711448664,206929.0032809192,260000.0,5.988794460766923,0.49760312597043976,0.6215243722600866,200311.33074409256,3.4479404858035467,0.05783914452968699,0.6104622564578607,0.008222914774861442,0.31871267562625943,0.00012651297525574892,0.0023257524220549274,9.263115704211856e-06,0.0023014800983165835,0.8926015626056444,0.10739843739435562,1.0643818474789708,2.499999999999925e-07,-9.999999999999972e-07,0.0002219609543201036,0.6255559287545025,0.007648626092053456,1.0097182541184366,0.9921294129536264,0.9949996747826869,0.7064420699141306,0.7931329892842998,0.91182470580731,0.33205291272379245,0.40563526379663,4.72
T3,62017,2,1.8,0.09146616883246088,0.000193,0.0001085,0.01892200654816156,204036.06228757565,150000.0,4.7337238138148106,0.4987162262873759,0.6375053990458428,200371.1224640645,3.4481482535395096,0.05797193275110568,0.6170532744443739,0.007924472178713579,0.31229521238561614,0.00013039316640403372,0.002394024638009615,8.898639480538323e-06,0.0022217917962965386,0.9084226233253956,0.09157737667460442,1.0766013906057843,2.499999999999925e-07,-9.999999999999972e-07,0.0001068789673089527,0.3081657782321677,0.007713657092712154,1.0417888483980255,0.9921794639399788,1.0179992223939391,0.6912163632576436,0.8189884338439092,0.9119759881305719,0.3339827492026184,0.3643262536290023,4.72
T3,64019,1,1.88,0.0867178302283702,0.0001925,7.85e-05,0.016125439212273093,207122.7042472999,260000.0,7.874545095756187,0.490157362436996,0.6238274712767532,198384.3459027978,3.4893624146947855,0.08008602655338595,0.6057466005068108,0.0077461433815738685,0.30158507010206104,0.00014535814986736648,0.0026503716222428114,1.8919915364759237e-05,0.0020215097686934387,0.8612631296434599,0.13873687035654014,0.9174856924330258,-2.9750000000000005e-05,-1.5000000000000094e-06,0.0018761777151646668,3.9286561561277917,0.013988701221807074,1.3720649089103643,0.9841351210630283,0.733313753598495,0.6607613100305194,0.7932890082337446,0.8957902112264134,0.3612567694080988,0.2848069321381281,5.49
T3,64019,2,1.88,0.0880450127413298,0.0001925,7.85e-05,0.016396767924436374,207962.36913221885,260000.0,8.698135954501403,0.4822257528334859,0.5916317216980309,198249.31759104316,3.483057415612845,0.07532166555554834,0.6141180387327627,0.007390761420855331,0.29834903929506795,0.00015079567537676938,0.002570957094945766,1.0292936783540152e-05,0.002088449288659623,0.8744444253667205,0.1255555746332795,0.9329234245827721,-2.9750000000000005e-05,-1.5000000000000094e-06,0.00016502526450065026,0.3573023524266221,0.01325992503160493,1.344787682685943,0.9865750497038944,0.7601173029450362,0.6605199493792716,0.7986968147173747,0.8995090136719438,0.3539769913968222,0.30869339536735413,5.49
T3,65029,1,1.92,0.08640860900612499,0.0001925,0.00010899999999999999,0.015478678025931709,201286.39919644216,260000.0,4.5975660882916225,0.5159905734224611,0.6723668301765671,196793.1677391687,3.4952333700781186,0.08753671017690103,0.6055975979653809,0.00771229727653532,0.29434437133526303,0.00015398682227065158,0.0025390163439080586,1.2041644400708304e-05,0.002103978435340279,0.8581920099334565,0.14180799006654354,0.8806870584809288,7.499999999999911e-07,-1.5000000000000094e-06,0.0004663551320968125,0.899831324326215,0.010192614453998806,0.9212068524932117,0.9893410304139044,0.6792903114678676,0.6425547183696818,0.8023899968013875,0.8736394953107868,0.4022600520561106,0.3832084685088933,5.9
T3,65029,2,1.88,0.08582178763455311,0.0001925,0.00010899999999999999,0.01545030474582518,211562.60591354416,260000.0,9.32143676323299,0.46414119338469284,0.6130204183694424,197467.13743702925,3.491160806798412,0.09636793135615541,0.5941267609512577,0.008061889149022948,0.2966263499250209,0.000151535717783388,0.002484164014062438,1.8656084801184764e-05,0.002162712801895922,0.8523638243147587,0.14763617568524134,0.87907270998459,7.499999999999911e-07,-1.5000000000000094e-06,0.002609306249844746,5.015686846145561,0.01025264764660539,0.9231422055978835,0.9871380461035499,0.6752246717576403,0.6464277117032058,0.7976622304809591,0.8720491312620737,0.402962577497104,0.32308433871193337,5.9
T3,66012,1,1.92,0.08884092532680979,0.0001925,7.85e-05,0.015372534289359746,204030.28743224445,260000.0,6.760240910210286,0.4896738481572803,0.667879904642665,196273.26377180617,3.489295137228793,0.0865076961484768,0.5981246394530176,0.009323339180089051,0.30151766787462153,0.0001347576931003442,0.002160803641259317,1.0792056235750492e-05,0.002220303953199675,0.882349260652473,0.11765073934752701,0.8746478208289065,-2.9750000000000005e-05,-1.5000000000000094e-06,0.00011650153972335097,0.22170897452256347,0.01624007417623206,1.4476608593537883,0.9836434242840446,0.6661228840067424,0.6445240591417859,0.7984644489244843,0.8150564738269764,0.4784881859346975,0.3932156190016325,6.52
T3,66012,2,1.88,0.08725882545383935,0.0001925,7.85e-05,0.015164730557607156,208467.40963205657,260000.0,8.404823665856155,0.4758010789206056,0.6208311628677203,196180.85000602325,3.486022886579888,0.0888347393378447,0.5926754219690427,0.009431721812687694,0.3045243811700498,0.0001332900649787537,0.0021560857071512038,1.1369049285644533e-05,0.00223299088895941,0.8666361796815281,0.13336382031847194,0.8628244560071854,-2.9750000000000005e-05,-1.5000000000000094e-06,0.0003240816292713892,0.6001625789536309,0.016617406506400964,1.4414678463805024,0.9830585118643277,0.6478268143487932,0.6489121277429788,0.7903629243676491,0.8131842530419746,0.48107452351078606,0.3604931538327289,6.52
T3,66510,1,1.8399999999999999,0.08234515033937607,0.000192,7.85e-05,0.014491697627235671,197709.30494257485,260000.0,4.217491538262336,0.52024778363622,0.7066199571016711,195019.2385023988,3.4962883403036575,0.09240511231546525,0.6144882767866822,0.007137606959817484,0.28162362085800635,0.00012585273161425673,0.0022635258232695157,1.0928589587107244e-05,0.001945075935557814,0.8178345987841624,0.18216540121583757,0.8245310442108646,-2.9750000000000005e-05,-1.9999999999999944e-06,5.9711214292120207e-05,0.10098047287353092,0.01584300397844545,1.2550072773132641,0.9840972848072624,0.5922220634670374,0.6327623458011085,0.7977387968829529,0.7802788864487442,0.5223043622433413,0.4105234178332382,6.93
T3,66510,2,1.92,0.07967093066500527,0.000192,7.8e-05,0.014204269078972832,196759.97995398878,140000.0,3.172190256071141,0.5282380169169365,0.7322693700231265,195349.88213996164,3.493090531853896,0.09646105199481142,0.6078391617092292,0.007273668425935225,0.2840205875843568,0.00012740277285438106,0.0023403731984656525,1.6000966070937568e-05,0.0019217533482763897,0.7912748151729114,0.20872518482708857,0.8081772831035555,-3.0250000000000003e-05,-1.9999999999999944e-06,0.0013616797070945684,2.2123056310674927,0.016559826854025884,1.2602397300231396,0.9820784934388795,0.5677817285499528,0.6269406850652557,0.7998735102184642,0.7787851524443646,0.5236094104461845,0.44264603700678606,6.93
T4,55900,1,1.8399999999999999,0.10702065857754711,0.00015199999999999998,7.599999999999999e-05,0.030727905349868235,200935.68489407163,150000.0,7.275308635524066,0.5136698867541528,0.5497720249699598,198218.8759612166,3.408274240201701,0.056770981149991386,0.7321952079250708,0.0023510198693659505,0.20521774832104586,1.2699893776890418e-05,0.0018303542703276654,7.834590954538263e-06,0.001614153979466842,0.9988802198493448,0.0011197801506551697,1.000323255751516,0.0,0.0,1.7821003042019122e-05,0.2027680063662672,0.10062476731950387,1.0149187693830852,0.8993574116774541,0.9990000014724222,0.9999316731341635,0.011696416896217327,0.9999373875247485,0.00855861873192559,0.06449110415391499,0.0
T4,55900,2,1.92,0.10726060648482122,0.00015199999999999998,7.599999999999999e-05,0.030712246094579624,201412.64431568683,150000.0,5.653294762083963,0.507991977616889,0.600764734491097,198134.51781358945,3.4099711386425353,0.05815134045347974,0.7315485594567585,0.0024212830456912093,0.2043963444284231,1.3380160827675725e-05,0.0018582372685625249,7.823093029250962e-06,0.0016030320932280192,1.001119780150655,-0.0011197801506550586,0.9998134807748428,0.0,0.0,0.00015811716661613922,1.7972319936337329,0.09776599357551266,0.9850812306169149,0.9020758892578712,1.000999998527578,0.9999316034375842,0.01169641689621733,0.9999369546800144,0.00855861873192559,0.06449110415391499,0.0
T4,60200,1,1.92,0.10489561340976515,0.00015199999999999998,7.599999999999999e-05,0.030445443313407365,196633.0386774063,150000.0,8.019364028799563,0.5400298625541582,0.5694391430356439,197613.00037247274,3.4067797694731894,0.05781828064193845,0.733596066416982,0.002299210006148929,0.2027811517322077,1.5235228004341736e-05,0.0020885093939658045,5.5139038927631885e-06,0.0013960326768600213,0.9790460531324044,0.020953946867595552,0.9911279220402986,0.0,0.0,3.619668707104304e-05,0.40431116852216753,0.11841436317588809,1.1724934007164125,0.881549440137041,0.9613011746049959,0.98601970126822,0.16670706412629116,0.9961754944840239,0.06585773214701975,0.1707425554717429,1.61
T4,60200,2,1.88,0.10607546814864097,0.00015199999999999998,7.599999999999999e-05,0.03055888343296203,195927.33740310758,150000.0,7.765345595129615,0.5456332496332231,0.5879032748414621,197570.23608269583,3.4093598316383136,0.057835912514701396,0.7337439821457499,0.0023130922248290665,0.20261170132530257,1.4774109992935774e-05,0.002064524589997873,5.921199865959103e-06,0.0014100918895602423,0.9900582593421485,0.009941740657851472,0.9948208776268808,0.0,0.0,6.663278688533061e-05,0.7498327118903069,0.11108338547459504,1.108114455889647,0.8888499817385196,0.976496648020045,0.9884075298128552,0.15195967095508423,0.9972014568360635,0.05636852559905499,0.16145724457827765,1.61
T4,65001,1,1.92,0.10752647107241582,0.00018999999999999998,7.7e-05,0.026574719659154738,195669.0012918951,150000.0,7.162300373450928,0.5547560541809083,0.5598517615813985,194067.7828978771,3.4175069158100575,0.06858467439873489,0.7704582453530682,0.0022774570152923833,0.15554782620425722,3.097626930256693e-05,0.002310553726307256,1.2072516379932516e-05,0.0007781945166574081,1.0036012344907461,-0.003601234490746119,0.8651194992776648,1.0000000000000108e-06,3.8e-05,0.002606225132901223,22.178364710354817,0.0442949476145368,0.33414186556321335,0.953098827252562,0.7918107825693969,0.8306257580502598,0.5579042495218012,0.8996316089859498,0.3424864567491377,0.2774590243529448,2.17
T4,65001,2,1.88,0.10728960884943473,0.00018999999999999998,7.65e-05,0.02683966330633192,191042.59397795858,150000.0,11.203584887625482,0.5948778499996366,0.49896386977756885,194820.51470526194,3.419942111290742,0.057327784146650365,0.7824716133093291,0.0017957244753861944,0.15520799922092157,3.0625681593267875e-05,0.002364393353777978,2.7328936257963086e-06,0.0007991269187157371,1.0013904745074862,-0.0013904745074861946,0.8737445353390995,5.000000000000122e-07,3.8e-05,0.00014447636608969967,1.2541625281847801,0.062142147215404196,0.47819207562068233,0.9377133764185062,0.7946813234938759,0.8359435570362552,0.5501158627136064,0.9086867974993764,0.3278195027541866,0.41767434976155515,2.17
T4,67054,1,1.92,0.11413150462929461,0.0001525,7.7e-05,0.025726755162400788,192777.55787688584,150000.0,7.977973557806057,0.5664478876272914,0.5794368243867493,195019.16015602762,3.449374085172954,0.06435146928834735,0.7916623323108711,0.0017131020336103677,0.13901952622220679,2.4285045213922716e-05,0.0025491029981411627,3.525520949262422e-06,0.0006766565806599452,1.0652494943603743,-0.0652494943603743,0.8375146691892955,1.0000000000000108e-06,5.000000000000122e-07,2.4464514103739826e-05,0.19512286914371788,0.05611614622471979,0.3967514523935672,0.9438593892611765,0.7349279481067784,0.7619390826285021,0.6520433714753394,0.8616593602815494,0.408328158431803,0.33188674982588207,2.74
T4,67054,2,1.8399999999999999,0.11402411923663967,0.0001525,7.7e-05,0.025598597140607377,192396.29457837815,150000.0,7.4949206718179235,0.5724881935962414,0.6063013546351739,194947.45160140077,3.4476747975682156,0.0637121605696999,0.7965316820720348,0.0017274969412293326,0.13482002862803594,2.4504080560831827e-05,0.002464105426997124,4.455626654401904e-06,0.0007155666547876425,1.0642472098851201,-0.06424720988512012,0.8333425836484369,1.0000000000000108e-06,5.000000000000122e-07,2.8035657754160093e-05,0.22138409584258473,0.050951038540617506,0.3566545898105027,0.9490209258016283,0.7316061390366145,0.7459147193292971,0.6717550703792029,0.8592018077185595,0.4128801976355326,0.31193955670947915,2.74
T4,70016,1,1.92,0.10878600014857616,8.15e-05,7.549999999999999e-05,0.026483164340550116,205289.8338787768,260000.0,7.5701334719938185,0.4808779834999166,0.5772792660622039,196134.06597216817,3.480349492354862,0.06138875630194823,0.7883588830922467,0.005868178524094921,0.14097557542102682,2.78546112757308e-05,0.0020068144763246473,1.2853695368888427e-05,0.0013610838777141563,1.0153570832887615,-0.015357083288761508,0.862138986504498,-4.999999999999986e-07,-7.049999999999998e-05,0.0001634747529957203,1.3816518038485668,0.2579404305080366,1.932530901631841,0.7418960947389677,0.6121486379525087,0.5956712429180295,0.8462747195285727,0.8243260848160514,0.43876865505020374,0.3996710702514872,3.13
T4,70016,2,1.8399999999999999,0.15609681794910749,8.2e-05,7.599999999999999e-05,0.029972512797382316,203919.38100433466,150000.0,8.543498537281991,0.48559182102265575,0.5002740161457717,197882.43452588888,3.4835118604773165,0.05711972351251333,0.8075094720430577,0.004887979974709689,0.12685986110439257,2.4670748844775583e-05,0.0020674294993793347,9.835329155021225e-06,0.0015210277879476374,1.456933884571516,-0.45693388457151607,0.9757320339005804,0.0,-6.999999999999998e-05,0.00012557482879867277,1.3594358826872774,0.4114074483598793,3.9480931681049576,0.588466976811322,0.6219337353054406,0.5914994516813943,0.8931758636453815,0.7662019075086094,0.5214724231056359,0.6044498954716103,3.13
T4,71130,1,1.92,0.1394747691213745,8.15e-05,7.549999999999999e-05,0.02639098463486472,204644.22491204183,260000.0,5.775464922093354,0.4761957015295159,0.639248585287163,199120.12100910002,3.5051243786942083,0.05880113278944848,0.7976468135755924,0.005071100068338202,0.13441033731274848,5.151713621101682e-05,0.0022000417313904116,4.6633704507866855e-06,0.0018143940158202425,1.3017915409523013,-0.3017915409523013,0.8591381472915568,-4.999999999999986e-07,-7.049999999999998e-05,0.00014070658532633137,1.1809419517717208,0.4195769667414496,3.1216547871623646,0.580282326673224,0.47546587763871206,0.5917390863159075,0.8493215898864164,0.763959459370103,0.5107516755286531,0.3574617803706875,4.06
T4,71130,2,1.88,0.09142757610108722,8.15e-05,7.549999999999999e-05,0.02299116865334487,195661.0039513171,150000.0,7.115983240377885,0.5446866746047355,0.664570120303498,197189.5939475467,3.5043012454831106,0.06532276751984106,0.7728042373988052,0.0060819053296046754,0.15198291270285577,6.016599529291728e-05,0.002123841996321553,5.757957405036714e-06,0.0016184110998735141,0.8533417615812233,0.14665823841877668,0.7484597605656437,-4.999999999999986e-07,-7.049999999999998e-05,0.00015108888024614327,0.9624255862785299,0.24498666998062416,1.3833632064719568,0.7548622411391297,0.4694271930195572,0.6033071466393516,0.8106107410818321,0.8336430521129653,0.4534796281113527,0.4184982413619973,4.06
T4,73210,1,1.8399999999999999,0.1033759446523654,8.15e-05,7.549999999999999e-05,0.022123325843718563,206516.63760400336,150000.0,6.934235184181301,0.4722516116597202,0.5896537910521868,200878.977058327,3.4586263505249466,0.0546196694215669,0.7960991730552054,0.004149132280240859,0.1407213833330121,8.023806690088646e-05,0.0023384258300463943,3.7954656032585803e-06,0.0019881825474242676,0.9648621835630564,0.03513781643694358,0.7202078073354619,-4.999999999999986e-07,-7.049999999999998e-05,0.00043293179282627604,2.55343732641175,0.33383659509282226,1.745415278435152,0.6657304731143514,0.3833275589379285,0.6464839166648361,0.7664816867214569,0.7477581351036057,0.5424339233678611,0.3796828266817705,4.96
T4,73210,2,1.92,0.11043111812797854,8.15e-05,7.549999999999999e-05,0.022572304856378633,206264.64902925232,150000.0,4.828302218748278,0.4703229502365114,0.6414491851644614,200805.57265873358,3.4603706824703857,0.05217706178810887,0.8002835251594498,0.004381355581288178,0.13875098975349426,7.918233620254392e-05,0.002431238309480191,3.181660554514514e-06,0.001893465411421718,1.0307118365745755,-0.030711836574575546,0.7348239727588609,-4.999999999999986e-07,-7.049999999999998e-05,0.0001621043952197825,0.9953122012475415,0.36161147460209414,1.96818468885292,0.6382264210026861,0.3825649698438117,0.6443069406581712,0.7701051255295874,0.7376993484807395,0.5491738761563187,0.47127025937917366,4.96
T4,75045,1,1.88,0.12052353663607115,8.2e-05,7.549999999999999e-05,0.022545292920933546,195008.14861731473,150000.0,13.404523378953721,0.5619397720210604,0.5102045315355213,202904.82807409432,3.4628774580153756,0.07204239176550313,0.8122717728945021,0.0017134196975859088,0.10942148927405859,6.553401550283595e-05,0.00253522387999935,1.9477370152659005e-05,0.0019306911026954923,1.1249096984842961,-0.12490969848429612,0.7339446200369321,-4.999999999999986e-07,-6.999999999999998e-05,0.0011291151864476748,6.915882549278059,0.4362596740641903,2.3687189763908285,0.5626112107493619,0.336421409673616,0.49994172901497397,0.8971159710687648,0.7400502851469294,0.5497329698910404,0.6563909382321197,7.24
T4,75045,2,1.92,0.11644152489358486,8.2e-05,7.549999999999999e-05,0.02212755080782524,206436.92636097127,150000.0,6.976977409605457,0.47581186676206744,0.6050152415069222,202589.50433325727,3.470032475320279,0.066704401516387,0.814917055381726,0.0015556218174524123,0.11226044725210545,7.592242901243339e-05,0.002464927441104823,2.028903460921079e-05,0.0020013351276026554,1.0868101311581635,-0.0868101311581635,0.7203453477828989,-4.999999999999986e-07,-6.999999999999998e-05,0.00021217783794135966,1.2519069453020575,0.42267083836491504,2.210718383118079,0.5771169837971436,0.3324311931029339,0.4957091310784829,0.8970696540929057,0.7443819398225278,0.5491217904004918,0.5076486061356356,7.24
T5,42000,1,1.92,0.019280680126077705,0.0001835,7.5e-05,0.004866690696973021,228397.5829828774,260000.0,12.983439639125965,0.3160596807367404,0.39528548204591557,219008.80628891668,3.531690202385458,0.04051363691570274,0.467343059877498,0.0035514603806478646,0.4781596659524169,5.5157792145927385e-05,0.005213218153827257,1.1094255847201898e-05,0.0051527066719140955,0.42332864601346604,0.576671353986534,0.6849166244253234,-2.7500000000000004e-05,-9.999999999999999e-06,0.0010976154905071825,0.43376087057759327,0.015901609507382522,1.8485332297554944,0.9830007750021102,0.2370939840234702,0.4032979132642442,0.9574234213562701,0.7134173473631329,0.6148507850143203,0.3473009015512291,0.0
T5,42000,2,1.92,0.019241013697831787,0.0001835,0.0,0.004871817091925697,230454.52123227465,260000.0,11.775212747703772,0.3093835189909792,0.43130511466194077,217819.75057083424,3.543731536198628,0.038217401169887845,0.4845716128069366,0.003518804980546555,0.46340089772434967,8.84100608667838e-05,0.005033201276139792,1.1942656096958514e-05,0.005157729325175817,0.4224577257320376,0.5775422742679623,0.6856380906834199,-0.0001025,-9.999999999999999e-06,0.002571958554577346,1.0188140988686254,0.014361342828264656,1.6734473891081016,0.983066698617158,0.2376733539760624,0.3965176990379401,0.962478314571775,0.7182153946530789,0.6111082395785948,0.4134930191034081,0.0
T5,46000,1,1.92,0.07055405541385243,0.0001935,0.00013,0.013971354041390764,226347.45973788472,260000.0,13.4911631469378,0.3537053425905188,0.4919567950423186,213728.274586701,3.481724152690255,0.017449060597477434,0.779505778190608,0.0044328482548499385,0.19158681425045346,0.00017083063123238932,0.004774982449931271,5.793332884753206e-06,0.0020738922925627673,1.549092280656035,-0.549092280656035,1.9662668627435704,2.749999999999999e-05,0.0,0.00016896559087103868,0.5503842228115072,0.00022638717315142347,0.2169229762583675,0.9996046472359775,1.9872957373902207,0.9379199946563511,1.0852672331600834,0.9701239730045311,0.7180363722876918,0.4372238062217066,0.0
T5,46000,2,1.92,0.07310592268683908,0.0001935,0.0001305,0.012295461751961024,226765.70621765792,260000.0,13.1729340151566,0.3470052028223523,0.45613571106007583,216246.9547219685,3.481753322576437,0.01818651867945656,0.7743306299819234,0.005797451768407483,0.1942284042077217,0.00017544775507755825,0.005375439017772593,1.2378291216700522e-05,0.0018937302984240714,1.6051213475984611,-0.6051213475984611,1.7304091595838893,2.8000000000000003e-05,0.0,0.0007916223756797077,1.9970408077422737,0.00035184062263748857,0.26109640487803704,0.9988565370016828,1.5379369246102468,0.9290905840241772,0.8825545466156951,0.969971775166065,0.5342268846769094,0.33917584086288055,0.0
T5,51000,1,1.92,0.00938514001622513,0.00013749999999999998,9.9e-05,0.00237941490416731,231601.8959158892,260000.0,17.95109515320872,0.30007735293545057,0.35198091061906933,216169.84532248028,3.528266162117722,0.051448548529760066,0.6667482995826025,0.0028251513916435077,0.26906534646299485,0.0001776815427623345,0.0032532850909859903,0.0001627835957487414,0.006318903803501937,0.20606112386781325,0.7939388761321867,0.3348683788931189,-3.5000000000000038e-06,-5.6000000000000006e-05,0.0019098234760826758,0.18041581733461642,0.007819872611405801,0.2173036865687499,0.9902703039125115,0.05709547208044526,0.17298687644821928,0.9981388780758299,0.7086483631542739,0.7853924107702611,0.6332721685866278,2.7
T5,51000,2,1.92,0.009211914405636474,0.000138,9.85e-05,0.0024311259325377043,229880.78308403588,260000.0,13.096995519906402,0.31068939221846725,0.47008355723931355,216610.6504788632,3.5309981526174496,0.05170690470085734,0.6698937783724855,0.002223030609793373,0.2661607788495308,0.00018363941229495478,0.003392189591361944,0.00012996766815883505,0.006309710795517203,0.2022577640949301,0.7977422359050699,0.3421459613823947,-4.000000000000002e-06,-5.5499999999999994e-05,0.0015026463711741572,0.14819201840889237,0.00796126831656247,0.23095976060619325,0.9905360853122633,0.05962176902655779,0.15415198416999193,1.005772839030353,0.7216991407479305,0.7781602087160031,0.7230873521246991,2.7
T5,56000,1,1.88,0.0088795513896031,0.0001815,5e-07,0.0019807741619532237,213844.20548296606,150000.0,8.685247334171123,0.430169850990403,0.4580975160519568,214530.79631883692,3.5255290556197805,0.07061566817236446,0.5935442738151393,0.012035249426461916,0.31452137100592087,0.0001225300517565057,0.0023866789836664423,0.0004074585433296514,0.006366770001360795,0.19496036666691816,0.8050396333330818,0.2787654357400847,-0.000102,-1.1999999999999994e-05,0.012907502843869606,0.8447671128751184,0.014584141832635308,0.2807770982145136,0.972508355323495,0.038846745463666586,0.0890637648562097,1.0139307997715354,0.7453787628373747,0.8107630134874958,0.7722249263304277,3.64
T5,56000,2,1.92,0.008477273075518273,0.000195,0.0,0.001976808188258874,217042.8795160502,260000.0,4.749221076466756,0.42154025471263024,0.5643910279624585,211565.1903642218,3.51840526036747,0.07127603683751133,0.5840797181225045,0.0179618325763182,0.3179955580653138,0.0002355250870620609,0.0019665339839202004,0.0005419033684207661,0.005942891958949275,0.1861279015822566,0.8138720984177434,0.27820728206144985,-0.0001025,1.5000000000000094e-06,0.04348078418244638,2.8359462725297004,0.014208401949762367,0.27260379572888926,0.9423108138677913,0.03751123265097479,0.07250921842621187,1.0183588958089291,0.7611481819559837,0.8083143194725013,0.8226125120158705,3.64
T6,55000,1,4.24,0.12314799486121784,0.000194,4.95e-05,0.039527523259738,241554.57104208524,290000.0,5.696481204117679,0.3077186423197773,0.5286632783670291,222301.6686723203,3.393094173346288,0.05302336304338439,0.42791026647937,0.010475035766392658,0.49214792420177045,2.235320417557606e-05,0.005400490138191374,0.00011902112344923143,0.010901546043266288,0.9992988759329505,0.0007011240670494745,0.9995027783839828,0.0,0.0,5.4393367610449316e-05,1.0406427832909109,0.056083132228684426,0.9965072856243175,0.9438624744037051,0.9984294864853007,0.999657504948248,0.026170531186771803,0.9999853933052348,0.0038223191718799875,0.004219984873719479,0.0
T6,55000,2,4.24,0.12332080006511738,0.000194,4.95e-05,0.039593903948207755,241500.6794711738,285000.0,5.715085466631923,0.3078882032090791,0.5288547666891953,222479.8825707964,3.390729496699594,0.052707211402553356,0.421105259710875,0.010787689630508418,0.4989005332149148,1.813442376848552e-05,0.005422150108936147,0.00012794519541831374,0.010931076313025388,1.0007011240670494,-0.0007011240670493635,1.0011812969726783,0.0,0.0,4.997681690200419e-05,0.9593572167090892,0.056287243430778004,1.0034927143756824,0.94366277975232,1.0015705135146995,0.9996586525922876,0.026170531186771814,0.9999854436977251,0.0038223191718799896,0.004219984873719515,0.0
T6,60078,1,4.24,0.21744271203347118,0.0001695,5.1e-05,0.06619425868924918,252212.20325198738,285000.0,5.849921458284481,0.24363220501450758,0.41929323744336144,234639.5083246051,3.2530801353816807,0.022169023368020062,0.4142508843280766,0.0069593530585269564,0.5376725279884623,4.824700197297425e-05,0.005990597859939814,5.640362952649769e-05,0.012852962765474851,1.7644644393904763,-0.7644644393904763,1.6738044789252802,1.5000000000000026e-06,-2.45e-05,5.2216477459498034e-05,2.8016055862878546,0.017300679923699276,0.8620949153274081,0.9826471035988412,2.915076468739467,0.9487635791492331,0.7909057895356087,0.9401845131762082,0.758893693329336,0.7008986997513321,0.82
T6,60078,2,4.24,0.21840762418247422,0.0001695,5.1e-05,0.06707251710943914,252351.78703442423,285000.0,5.877185470502304,0.2425841808219977,0.4175851005451172,234840.91013387407,3.2520491462455987,0.022172408755734844,0.41384355286205937,0.006769574220721886,0.5382048941975538,5.030091094283598e-05,0.005985320593577772,5.442847710177365e-05,0.01291951998230769,1.7722943324143898,-0.7722943324143898,1.6960123396442726,1.5000000000000026e-06,-2.45e-05,8.012179315137424e-05,4.413687001292939,0.017439760383582876,0.8922444870466809,0.9824801178232657,2.9924547447516416,0.9471730254585342,0.8146309547578092,0.9412155799288342,0.7782626710563717,0.7216652405653956,0.82
T6,68091,1,4.24,0.11922801777307233,0.000195,4.95e-05,0.039973750238201246,241609.0735994264,280000.0,6.43695335277482,0.2867323151270772,0.5108784467099059,229001.166582134,3.288048603546391,0.024458830313285534,0.4571288704267449,0.0036693140468873836,0.4970592751785918,0.00011037847227532323,0.0055368249019879376,1.5142820118695835e-05,0.012021363840108492,0.9674897611984291,0.03251023880157089,1.01078618467871,0.0,9.999999999999972e-07,8.813363475930789e-05,1.7244859433647706,0.04777779507506321,0.868233560531166,0.9521340712901775,1.030075441344878,0.8797161802471406,0.49323301613821063,0.9553749493010977,0.2106731560096718,0.30703663872295733,2.36
T6,68091,2,4.24,0.11822514122242908,0.000195,4.95e-05,0.03988749202808329,241563.78229549943,280000.0,6.388601703270209,0.28740841183401555,0.5112665773544125,228817.26532197103,3.2885087071592007,0.02466742697702179,0.4570847118594299,0.00306527267328561,0.4975193632736862,0.00011998201360050194,0.005450459981159549,9.971228679174927e-06,0.01208281199313724,0.9593518015760518,0.04064819842394818,1.0086050381367222,0.0,9.999999999999972e-07,9.971818487250905e-05,1.9427644950960292,0.04803650138772287,0.8691798524268748,0.9518637804274046,1.025353325947048,0.8615633189233709,0.5285167068813277,0.9555515539944162,0.209929602636261,0.3062746162852762,2.36
T6,69018,1,4.24,0.21568108608357509,0.000168,5.15e-05,0.0649254203374129,251099.14912726643,275000.0,6.189893902550984,0.2433875289328136,0.43028990530577316,236710.45298365992,3.18826358871539,0.017336151614257705,0.423600142105545,0.001405662379942894,0.5389278035372439,0.00014380794987499013,0.005837133364225786,4.6598001661178475e-06,0.012744639248743648,1.7501695186040733,-0.7501695186040733,1.6417203169693935,2.000000000000001e-06,-2.600000000000001e-05,9.245010614569611e-05,4.772117271814269,0.014502024195784259,0.6952240818708479,0.98540552569807,2.8123646876544517,0.7559437495078777,1.101430487525415,0.9069168092418979,0.7696748889034213,0.5518535620377718,3.36
T6,69018,2,4.24,0.2160661202641703,0.000168,5.15e-05,0.06495072811012122,251397.3248839633,275000.0,6.138837266258635,0.2419654427760428,0.42957387436244515,236817.21693473795,3.186630042586097,0.01742031908962567,0.42099941000812197,0.0011449998072288986,0.5416671297897379,0.0001465677624650924,0.005824192250379528,5.457864640268699e-06,0.012791923427800661,1.7532939237094765,-0.7532939237094765,1.6423602556007735,2.000000000000001e-06,-2.600000000000001e-05,9.419964817109415e-05,4.8662184093287735,0.014489898461698885,0.695184606757024,0.9854159018901301,2.8145880044259117,0.7371626829060461,1.12959008059927,0.9075989864527764,0.7694302893866408,0.5464069795890247,3.36
T6,72516,1,4.24,0.111628261444434,0.0001875,4.9999999999999996e-05,0.04119237462347653,249130.61344003514,275000.0,8.287806808189584,0.22519066763204235,0.40763653607335054,239064.844619534,3.060120601618187,0.005668940404628919,0.3267467456658307,0.007028225173657186,0.6418195024051393,3.001929857944594e-05,0.006149717644095025,0.0001524519178414371,0.012404397490228043,0.9058206453908093,0.09417935460919069,1.0416006237946,4.999999999999986e-07,-6.499999999999995e-06,7.3895228118740414e-06,0.15353350429950063,0.02868586249323128,0.5535376542062361,0.9713067479839568,1.1158250930479663,0.14381829234618593,1.3361621632167353,0.913103731066911,0.3011382135231381,0.5516794759599495,4.65
T6,72516,2,4.24,0.1108077906157237,0.0001875,4.95e-05,0.04090110313685394,249366.76867489243,275000.0,8.233168995658934,0.22454560058223225,0.4113274824014984,238866.55062379333,3.0612095621223063,0.005636917703082173,0.32637038261109663,0.006859599277782841,0.6424539114246015,3.148949447106705e-05,0.006112795166397858,0.00015073649957131428,0.012384167822996698,0.8991628384343098,0.10083716156569023,1.0342354605833788,0.0,-6.499999999999995e-06,1.190875450460222e-05,0.24394417688026215,0.029159105677998533,0.5547416850038783,0.9708289855674967,1.0995621884564253,0.16803400081499187,1.3122764354809817,0.9133464042831378,0.29873158928341936,0.5548452889605998,4.65
T6,73211,1,4.24,0.1077605964666899,0.000159,4.95e-05,0.038429285638537265,247488.3355496824,275000.0,7.8190157903265005,0.23816021758059416,0.4295655612538358,236967.6332305172,3.1003825812669055,0.005801713081159179,0.3311454794954535,0.007176915155541595,0.6371950021513657,1.022152132077964e-05,0.006142957853294176,0.00013157910003795773,0.012396131641827188,0.8744360234235532,0.1255639765764468,0.9717324689086599,0.0,-3.500000000000001e-05,2.0336398998948095e-05,0.36774754585431646,0.0322530688535688,0.5416755850544193,0.9677265947474323,0.9675676840416952,0.0706365846893178,1.3442410902007436,0.8940825016315037,0.31849142128322755,0.5326194729166916,5.08
T6,73211,2,4.24,0.10757085052681206,0.00014099999999999998,4.95e-05,0.03862871112274158,248711.68213576067,275000.0,7.905127312315574,0.23058098143155364,0.4229954069715985,237791.82592020868,3.0897080538581183,0.005716068427847124,0.3289634743595523,0.006814423153637486,0.6397183641910023,1.4557629680500141e-05,0.006142707848798964,0.00013142853082901416,0.012498975858652303,0.8728963076965822,0.12710369230341778,0.9767751912728464,0.0,-5.3000000000000014e-05,3.4781278544919394e-05,0.6355016182494037,0.03217029544406751,0.5459069910425932,0.9677949232773876,0.9777040347670117,0.10695231087541009,1.3210424630049802,0.8938570550518887,0.3187393909788801,0.536619735969235,5.08
T7,36001,1,1.92,0.13594844251671606,0.00014749999999999998,7.549999999999999e-05,0.02881955537393294,201767.80011227008,150000.0,7.24737297559642,0.5136716928235956,0.4908386879712308,199352.77767593975,3.5212481965464435,0.06019794218476733,0.7165583934828442,0.0020367748385666327,0.21670955076268733,2.495416494845501e-05,0.001855931555057686,2.0718772649773054e-05,0.0025957342384786155,1.0489900618766748,-0.04899006187667476,1.0327655208014115,-2.500000000000061e-07,0.0,3.0258472767863036e-05,0.5975012685179623,0.10979306580925248,1.1766994026605047,0.8901766757179798,1.0414064134642813,0.9961683755039286,0.09480464345061484,0.9974942841746791,0.06306882337774943,0.22181610065613883,0.0
T7,36001,2,1.92,0.13578745059012534,0.00014749999999999998,7.599999999999999e-05,0.028710257762248007,207729.54049286808,260000.0,8.83408331873825,0.470872106106066,0.46423932375956617,199401.1363240936,3.525689830622645,0.05974644732305131,0.711270920453067,0.0020761235589061237,0.22239418971032363,2.2978191953370878e-05,0.0018576275748210288,1.9549819457263312e-05,0.002612163368420413,1.0477478341033388,-0.047747834103338826,1.028848777347547,2.499999999999925e-07,0.0,3.9865716192413655e-05,0.7812522083770583,0.10464789719950847,1.1130661785868985,0.8953122370842991,1.0394854564320586,0.9983104985143937,0.06564118843187497,0.9984172427356416,0.05139264750664623,0.11535393022209353,0.0
T7,40167,1,1.88,0.12298347021456274,0.00014749999999999998,7.75e-05,0.026473267855877756,219086.34723635516,260000.0,14.993459025072864,0.3818874453105964,0.3831184385126508,197651.59599755917,3.544805226435582,0.06357262999563856,0.7062509716210107,0.002551623914099367,0.22328454033206518,2.0370070111941124e-05,0.0015616157220134479,2.535910635629366e-05,0.0027328892387046082,0.9489512026908262,0.05104879730917378,0.948684943599799,1.7500000000000019e-06,0.0,4.091947349074283e-05,0.6818069785495967,0.03283896350575147,0.29697482789517865,0.9671201170207577,0.9546936454140155,0.9897091221975548,0.148858475304337,0.9843823056460103,0.14199395080799376,0.21340961589859317,0.0
T7,40167,2,1.92,0.12367808373734188,0.00014749999999999998,7.549999999999999e-05,0.028183242865996872,217411.94485577647,260000.0,13.87604624961984,0.39643689408057936,0.40883251338138016,199160.4375549189,3.5285476378621374,0.05978403950250378,0.699269448098728,0.0024122437021903476,0.23406181790388905,1.937079764359758e-05,0.0019508029972700627,2.306809885436898e-05,0.002479208898920848,0.9543109013291602,0.04568909867083981,1.0099628921652515,-2.500000000000061e-07,0.0,0.00010270156948740564,1.939439544555383,0.1378872093816447,1.413259590857418,0.8620100890488678,0.9644144846896452,0.9952435356270837,0.09852442164776398,0.9941134992600057,0.08317898884225366,0.15841984665838546,0.0
T7,44054,1,1.92,0.1014372767682506,0.0001385,7.549999999999999e-05,0.025236806476992724,213277.30745670575,260000.0,6.902643372206065,0.4260093659598316,0.5119687408501497,198852.35162452792,3.4806966223441793,0.040533477789138204,0.658072192420784,0.005089038072015106,0.29138244120811774,4.3814789165989566e-05,0.0033326783389822485,1.791910004939489e-05,0.0015284382817473332,0.7826988913142197,0.21730110868578034,0.9043756312823008,-2.500000000000061e-07,-8.999999999999975e-06,9.172169219106582e-05,1.388889435443377,0.17606661717196748,1.4470096560863623,0.8238416611358416,0.7390802138307563,0.7804777919387602,0.6373423620837636,0.8702146779014768,0.380688313707568,0.39736018026594283,2.07
T7,44054,2,1.92,0.1009428895856706,0.0001385,7.599999999999999e-05,0.024125764271863245,206578.03707663418,260000.0,6.7177691613687625,0.4762951801847433,0.5222421877867369,197942.71393224288,3.4863525450253645,0.04090740560766186,0.6559814985020549,0.005481439037401078,0.29275513760161237,4.617820357882044e-05,0.0031357419847653912,2.027936730517186e-05,0.001672319695620368,0.7788841566129975,0.22111584338700252,0.8645607879675857,2.499999999999925e-07,-8.999999999999975e-06,0.00013227302078887106,1.8304984874001387,0.1065798181819243,0.8005194175505013,0.8932879087972869,0.7323889238813222,0.7770259391397266,0.6355258740897952,0.878052938216748,0.3746863266111161,0.39869218545035573,2.07
T7,47022,1,1.92,0.1100733016895917,0.000147,7.549999999999999e-05,0.027662547130043885,206083.06761651367,260000.0,7.275047018935254,0.4740372473626833,0.4992596030846079,198916.86160166035,3.4645317592433154,0.044483812559738364,0.7349530072520398,0.0036843474119332316,0.2125678250231367,2.8278761650259785e-05,0.0032915242940255124,1.9143939446237104e-05,0.0009720607580299341,0.8493352142385681,0.15066478576143194,0.9913034577658242,-2.500000000000061e-07,-4.99999999999985e-07,0.0012076603553945377,21.97170559950052,0.1587649741259954,1.5677342692083718,0.8400273655186101,0.9054502761120256,0.7533318204387676,0.6993758489738678,0.8733978634668091,0.37986346309221897,0.368779748706517,3.14
T7,47022,2,1.8399999999999999,0.10989445619162566,0.000147,7.5e-05,0.027765213720271735,208079.01761564164,260000.0,5.649481241325954,0.4565543423563769,0.5105194232547771,198490.37749927564,3.463500838410442,0.03995040344803806,0.7187489927780505,0.0034837093619764633,0.23355271113908638,2.492235335707811e-05,0.003213508558236099,1.7100323996011015e-05,0.0010086520372594933,0.8479552267484232,0.15204477325157684,0.9949825747108926,-7.500000000000047e-07,-4.99999999999985e-07,8.379025782989392e-05,1.5357426123085758,0.16791529159253193,1.6703748761435244,0.8320009181496382,0.9034433453041135,0.7537981797560639,0.6999702835547669,0.8732708141257279,0.3810209324717611,0.34806612872639286,3.14
T8,40000,1,1.88,0.11173731231217254,0.0001715,0.00010499999999999999,0.02859899601779341,209093.92260472965,260000.0,5.261273558922541,0.49164538328950774,0.5466384006007026,201981.99551710757,3.52554799469365,0.036965101143390536,0.7942972434286324,0.002694046978223326,0.159878517190349,2.36389672473049e-05,0.0028157120399469352,2.955974305697883e-06,0.003322784277904743,0.8994448815052674,0.10055511849473264,1.0956394779496386,2.9750000000000005e-05,-1.0499999999999984e-05,2.6149846672856743e-05,0.4397662524829745,0.0034187194598225036,0.2215007116272828,0.9965551306935047,0.8727417823733218,0.7172754362049696,0.7928904735831398,0.9020883931579408,0.337755823985194,0.511938813886621,0.0
T8,40000,2,1.92,0.1113923633415359,0.0001715,7.4e-05,0.028744844971046592,224070.9328063979,260000.0,14.469704728362917,0.3608615891840129,0.4154716446521496,202184.1483744131,3.522370422654314,0.037305487843629775,0.7960103414209153,0.0026867229243491366,0.15783043675326947,2.359452172914012e-05,0.0027772414264835665,3.0511645585961414e-06,0.0033631239450650115,0.8966681672672085,0.10333183273279145,1.1012270122428842,-1.2499999999999897e-06,-1.0499999999999984e-05,5.705934559296327e-05,0.9693974454010704,0.010828750347153228,0.7087814383014328,0.9891141903072539,0.8750909728853766,0.7189672438683801,0.793226738156808,0.9026654813956826,0.33490505313108654,0.2880096278017858,0.0
T8,50000,1,1.92,0.13433392648336867,0.000193,7.5e-05,0.0326388926828569,234941.72969905657,255000.0,10.005927135177144,0.23259546214407517,0.3626470263359977,223570.1452160219,3.354962936350513,0.007994334286386988,0.5347982636577261,0.005179345417937052,0.44260311156693494,1.1524198088511674e-05,0.0014894815469346993,5.626543952377167e-05,0.007867673886467858,1.0813394387937876,-0.08133943879378758,1.2504096059054157,-2.499999999999925e-07,1.1000000000000023e-05,0.00010678097885398087,2.338917163310861,0.017962401614242708,1.5158082113728226,0.9819308174069032,1.1200399676796455,0.8619319706494387,0.6387399742546196,0.9614478388755744,0.25174489477498285,0.3577121682341877,0.0
T8,50000,2,1.8399999999999999,0.13396404789258212,0.000193,7.5e-05,0.03267394091752217,236373.76539799,260000.0,9.835347910922122,0.23634428940743907,0.3256299660265689,223817.24602379586,3.35246853545851,0.0074341737639899005,0.5525909545695359,0.004894253780085061,0.4256499196728982,1.2376010288112159e-05,0.0015426414817241477,5.431812765579761e-05,0.00782136259382297,1.0783620501455635,-0.07836205014556352,1.2517523184086035,-2.499999999999925e-07,1.1000000000000023e-05,1.542273631158038e-05,0.33854330665827526,0.018209997980033404,1.5400031385030706,0.9817745792836551,1.1222671949375511,0.8699331935598433,0.6237003156338212,0.9617997655381789,0.2518988686621078,0.32105028385289425,0.0
T8,70000,1,1.92,0.12717789185555367,0.000183,7.549999999999999e-05,0.030973129673215673,243727.4706188463,260000.0,23.236743038722874,0.17569016125819062,0.22027914164351256,219873.48772642305,3.403895021226553,0.013577628246641613,0.7950493165710244,0.0009316039905405932,0.18085772381122206,3.2912814088890164e-05,0.003600199602907957,6.402177684669735e-06,0.005944212785889776,1.0237359526827166,-0.023735952682716555,1.186593529525125,2.500000000000061e-07,1.0000000000000243e-06,7.502187283635559e-05,1.4798173140026993,0.019147861753795344,1.455121962928096,0.9807771163733683,1.0074470136901086,0.9553511976029074,0.37520289257340683,0.9803416980969304,0.16281177034386446,0.6930315258521127,0.0
T8,70000,2,1.92,0.1267696196822711,0.000183,7.549999999999999e-05,0.030712672690469844,233307.0258797793,260000.0,9.021826258532192,0.2561567826635342,0.37601898908737974,219977.0702187675,3.402584242478179,0.013049374348784865,0.7992236938302901,0.0009240411172398744,0.1771383129509189,3.580429667487623e-05,0.0037330668718238633,5.94155629841264e-06,0.005889765027969187,1.020449509605456,-0.020449509605455995,1.1766153137714521,2.500000000000061e-07,1.0000000000000243e-06,2.23543957876048e-05,0.43355851814411867,0.007478262103667662,0.5587845372672945,0.9924993835005447,1.002413068433995,0.9536307000386304,0.37458061612372373,0.9800340453190076,0.1624934275206331,0.25186300674224776,0.0
T8,74883,1,1.92,0.1324777286934197,0.000193,0.00010549999999999999,0.031804782068230765,239654.8871375281,260000.0,15.562824082636007,0.1990840942206955,0.28267702581079557,221838.31356260425,3.345275933550119,0.012072212186190878,0.4357831551805674,0.007721797176672015,0.5354782846126847,7.506375617497334e-06,0.0008034759438261199,7.580965860144984e-05,0.008057758865840004,1.066397719088139,-0.06639771908813907,1.218454480005449,3.0250000000000003e-05,1.1000000000000023e-05,0.0006894269182841364,14.33904296976351,0.007024999173038516,0.5629076065951506,0.9922855739086773,1.0747322828631816,0.7835828475668905,0.7583628868489365,0.9597610308610381,0.2441159002986776,0.34731248249004093,1.94
T8,74883,2,1.92,0.1322808377341712,0.000193,0.00010549999999999999,0.03169818257902814,234196.65539221506,260000.0,10.813309692056622,0.23782104641376328,0.3552503572537936,222018.2805336326,3.348704468156715,0.008893393664759962,0.45066459315391605,0.007453036755966877,0.5240494460433185,8.09706145155767e-06,0.0007921352611693846,7.307322893499341e-05,0.008066224830482657,1.0648128182000995,-0.06481281820009954,1.214370609067218,3.0250000000000003e-05,1.1000000000000023e-05,3.58302395396684e-05,0.7402325518013497,0.006265482234349826,0.49869140190576855,0.9936986875261106,1.0690668692434142,0.7921836265633778,0.7420829323203102,0.9603006465930403,0.24321285148487343,0.30702972377986687,1.94
T8,76931,1,1.88,0.13337284614784098,0.0001935,0.000106,0.03200385533643114,236720.20643936223,260000.0,16.643190701398332,0.2301509191170527,0.2840011981942925,221617.2584592636,3.3635742557649233,0.010517218862467382,0.4063256414054774,0.008744189925217066,0.5656194208259037,5.293144155725211e-06,0.0007844416609739886,7.740196959349553e-05,0.007926392206211419,1.073603090293739,-0.07360309029373902,1.2260810600262682,3.0750000000000016e-05,1.1500000000000008e-05,0.000502910821198617,10.59152720371684,0.005854982389120977,0.4750639861764799,0.9936421067896805,1.0897560264774846,0.7652940038006711,0.7916130018671387,0.9569216420824306,0.2545421990976526,0.4144571720231683,2.5
T8,76931,2,1.92,0.1333023196405686,0.0001935,0.000106,0.03205858548251767,237342.31510573422,260000.0,11.264036683289287,0.2228396770229875,0.31283505040956905,221661.22199949,3.3616463137050334,0.008960379434919457,0.41627347104992435,0.008507259944086102,0.5574462870890243,5.443071674043182e-06,0.0007612346341179303,7.621449964898794e-05,0.007969710276604687,1.0730353774620631,-0.07303537746206312,1.2281777947734966,3.0750000000000016e-05,1.1500000000000008e-05,0.0001667486361549871,3.523727593573966,0.005694725618391196,0.46363023548976023,0.9941385257454538,1.09400328993914,0.770688658480178,0.7844333564937082,0.9578041218967671,0.2540829900936174,0.36037302021809764,2.5
