specimen,rep,cycle,crack_mm,cnn,cnn+mono
T1,1,50000,0.0,-0.6465444564819336,0.0
T1,2,50000,0.0,0.12930138409137726,0.12930138409137726
T1,1,60000,2.18,2.6037580966949463,2.577493588129679
T1,2,60000,2.18,2.5993988513946533,2.5703607400258384
T1,1,62500,2.76,2.5740864276885986,2.577493588129679
T1,2,62500,2.76,2.5784831047058105,2.5703607400258384
T1,1,65500,3.51,2.6532371044158936,2.577493588129679
T1,2,65500,3.51,2.6333651542663574,2.5703607400258384
T1,1,69025,4.51,2.546598196029663,2.577493588129679
T1,2,69025,4.51,2.534374237060547,2.5703607400258384
T1,1,70026,4.9,2.512707471847534,2.577493588129679
T1,2,70026,4.9,2.510507583618164,2.5703607400258384
T1,1,70766,7.46,2.5745742321014404,2.577493588129679
T1,2,70766,7.46,2.566035509109497,2.5703607400258384
T2,1,50000,0.0,0.07086534798145294,0.07086534798145294
T2,2,50000,0.0,0.08327402919530869,0.08327402919530869
T2,1,70033,3.25,3.4168522357940674,3.201825499534607
T2,2,70033,3.25,3.4089760780334473,3.2227749824523926
T2,1,72000,4.95,2.9867987632751465,3.201825499534607
T2,2,72000,4.95,3.036573886871338,3.2227749824523926
T3,1,14000,0.0,0.5323562622070312,0.5323562622070312
T3,2,14000,0.0,0.6065821051597595,0.6065821051597595
T3,1,50000,0.0,1.5901364088058472,1.5901364088058472
T3,2,50000,0.0,1.58299720287323,1.58299720287323
T3,1,57038,2.57,2.2926125526428223,2.2926125526428223
T3,2,57038,2.57,2.3375914096832275,2.3375914096832275
T3,1,60035,4.02,2.7646360397338867,2.7646360397338867
T3,2,60035,4.02,2.7698798179626465,2.7698798179626465
T3,1,62017,4.72,3.0966978073120117,3.0966978073120117
T3,2,62017,4.72,3.132589101791382,3.132589101791382
T3,1,64019,5.49,3.546631336212158,3.546631336212158
T3,2,64019,5.49,3.5389137268066406,3.5389137268066406
T3,1,65029,5.9,3.7208149433135986,3.679978847503662
T3,2,65029,5.9,3.7033634185791016,3.7033634185791016
T3,1,66012,6.52,3.7960846424102783,3.679978847503662
T3,2,66012,6.52,3.8294875621795654,3.7047717571258545
T3,1,66510,6.93,3.5230369567871094,3.679978847503662
T3,2,66510,6.93,3.5800559520721436,3.7047717571258545
T4,1,55900,0.0,0.18531957268714905,0.18531957268714905
T4,2,55900,0.0,0.18071269989013672,0.18071269989013672
T4,1,60200,1.61,0.4039284586906433,0.4039284586906433
T4,2,60200,1.61,0.370431512594223,0.370431512594223
T4,1,65001,2.17,2.0130090713500977,2.0130090713500977
T4,2,65001,2.17,2.0255424976348877,2.0255424976348877
T4,1,67054,2.74,2.7569379806518555,2.7569379806518555
T4,2,67054,2.74,2.916391134262085,2.916391134262085
T4,1,70016,3.13,3.5973427295684814,3.542072614034017
T4,2,70016,3.13,3.372798204421997,3.372798204421997
T4,1,71130,4.06,3.826612949371338,3.542072614034017
T4,2,71130,4.06,3.8794989585876465,3.5062687397003174
T4,1,73210,4.96,3.2022621631622314,3.542072614034017
T4,2,73210,4.96,3.1330385208129883,3.5062687397003174
T4,1,75045,7.24,4.794738292694092,4.794738292694092
T4,2,75045,7.24,4.8687310218811035,4.8687310218811035
T5,1,42000,0.0,4.933840751647949,2.6932074576616287
T5,2,42000,0.0,4.904587745666504,2.5871229469776154
T5,1,46000,0.0,0.4525741636753082,2.6932074576616287
T5,2,46000,0.0,0.2696581482887268,2.5871229469776154
T5,1,51000,2.7,5.509821891784668,5.509821891784668
T5,2,51000,2.7,5.502710819244385,5.502710819244385
T5,1,56000,3.64,6.451404571533203,6.451404571533203
T5,2,56000,3.64,6.359072208404541,6.359072208404541
T6,1,55000,0.0,-1.417470932006836,0.0
T6,2,55000,0.0,-1.471954584121704,0.0
T6,1,60078,0.82,-3.5164623260498047,0.0
T6,2,60078,0.82,-3.5189900398254395,0.0
T6,1,68091,2.36,-0.6448845863342285,0.0
T6,2,68091,2.36,-0.42967742681503296,0.0
T6,1,69018,3.36,-1.657515287399292,0.0
T6,2,69018,3.36,-1.511418342590332,0.0
T6,1,72516,4.65,2.703840970993042,2.703840970993042
T6,2,72516,4.65,2.6907238960266113,2.6907238960266113
T6,1,73211,5.08,2.927563428878784,2.927563428878784
T6,2,73211,5.08,2.8501739501953125,2.8501739501953125
T7,1,36001,0.0,0.17007222771644592,0.17007222771644592
T7,2,36001,0.0,0.27055925130844116,0.27055925130844116
T7,1,40167,0.0,0.5652861595153809,0.5652861595153809
T7,2,40167,0.0,0.36706528067588806,0.36706528067588806
T7,1,44054,2.07,2.655289888381958,2.655289888381958
T7,2,44054,2.07,2.700869083404541,2.700869083404541
T7,1,47022,3.14,3.029482364654541,3.029482364654541
T7,2,47022,3.14,2.888814687728882,2.888814687728882
T8,1,40000,0.0,0.21147307753562927,0.21147307753562927
T8,2,40000,0.0,0.23284044861793518,0.23284044861793518
T8,1,50000,0.0,2.202779769897461,1.3955906629562378
T8,2,50000,0.0,2.125354290008545,1.3623543083667755
T8,1,70000,0.0,0.5884015560150146,1.3955906629562378
T8,2,70000,0.0,0.5993543267250061,1.3623543083667755
T8,1,74883,1.94,2.540243148803711,2.540243148803711
T8,2,74883,1.94,2.505920171737671,2.505920171737671
T8,1,76931,2.5,2.6227381229400635,2.6227381229400635
T8,2,76931,2.5,2.607065200805664,2.607065200805664
