specimen,law,phase,n,n_div,rmse,mae,max_abs,rmse_nodiv
T7,expo_all,B_trajectory,4,3,52.03836997583298,37.89029523346569,95.87396866324643,3.9620613174010555
T7,expo_all,C_waveform_closed_loop,8,6,37.10201167894762,25.814187401494245,84.8292834339307,2.518107859662896
T7,lin_all,B_trajectory,4,0,0.8296339868437269,0.5334484676726609,1.6292037916388997,0.8296339868437269
T7,lin_all,C_waveform_closed_loop,8,0,1.5822111299997947,1.1934432549445846,3.324531773723618,1.5822111299997947
T7,lin_last2,B_trajectory,4,0,0.6679040143341386,0.5505121293800536,1.192658355795147,0.6679040143341386
T7,lin_last2,C_waveform_closed_loop,8,0,2.3679160339615897,1.7488102871579052,5.0919973605232585,2.3679160339615897
T7,paris_Ap,B_trajectory,4,1,2.642521490923855,2.4434512612205808,3.5016737798032986,2.2854583828935944
T7,paris_Ap,C_waveform_closed_loop,8,0,1.3345868824049492,1.1511305700489562,2.200229974656505,1.3345868824049492
T7,paris_pop,B_trajectory,4,3,30.03855195820854,21.459318849055073,56.07362668923301,2.231301253692133
T7,paris_pop,C_waveform_closed_loop,8,4,16.247025316461787,9.998261861089215,41.42719376840267,2.330385479747436
T7,power_all,B_trajectory,4,0,1.903456960274214,1.4452185700117244,3.460400671862124,1.903456960274214
T7,power_all,C_waveform_closed_loop,8,0,2.5623582851041657,2.1707622817240915,4.747427623503464,2.5623582851041657
T8,expo_all,B_trajectory,5,5,12.29528469582529,11.174180368632246,18.65128484724468,
T8,expo_all,C_waveform_closed_loop,10,10,22.45048647034833,20.48879791024761,36.374065009784445,
T8,lin_all,B_trajectory,5,0,1.0898164334581162,0.9947534798079214,1.6800293194509957,1.0898164334581162
T8,lin_all,C_waveform_closed_loop,10,0,0.5932406084650023,0.49146559597517897,1.042613243272699,0.5932406084650023
T8,lin_last2,B_trajectory,5,3,3.070587800853279,3.030140624999993,3.499570312499987,2.5132791183789887
T8,lin_last2,C_waveform_closed_loop,10,10,14.516667176056952,14.129357331325622,19.812077946143628,
T8,paris_Ap,B_trajectory,5,5,,,,
T8,paris_Ap,C_waveform_closed_loop,10,10,,,,
T8,paris_pop,B_trajectory,5,5,475.7759665251551,321.1534638830446,976.8732623032695,
T8,paris_pop,C_waveform_closed_loop,10,10,3151.865023649948,1800.6989710619687,8458.087830488776,
T8,power_all,B_trajectory,5,0,1.9124654409762651,1.8060246170613152,2.733733977461791,1.9124654409762651
T8,power_all,C_waveform_closed_loop,10,0,0.8656770460477985,0.6956219476893579,1.6919606380059906,0.8656770460477985
