arm,perm,rmse,mae,rho
linear,0,5.784052451382058,5.183363530824765,-0.08607706047076571
linear+mono,0,3.9813017611080315,3.594657038077443,-0.0681583429064844
rf,0,2.2592826744820487,1.8651971807092234,0.028138433395851075
rf+mono,0,2.2348513319959653,1.8417493032346024,0.04546124760917523
linear,1,5.858989072647944,5.291271773205496,0.03282051091300885
linear+mono,1,3.5938642881896996,3.2147178150045606,0.23231576921065053
rf,1,2.4043312550160416,2.073780263776557,0.11669498524817364
rf+mono,1,2.412706597644337,2.0974077430641174,0.1265256725935786
linear,2,4.28805801384612,3.596796585540045,0.08489304614930235
linear+mono,2,2.852875339769767,2.4589420460013924,0.18248618220138946
rf,2,2.216368786031893,1.8969213791243598,0.044143758461151206
rf+mono,2,2.2105971973135787,1.87635569646574,0.054214280858711064
linear,3,3.3114460115371496,2.696493292526376,0.14714777006414706
linear+mono,3,3.263101239361233,2.6767199297205435,0.10141201117591131
rf,3,2.449111026291346,2.1228779842781247,-0.06319427760776132
rf+mono,3,2.4304943008961057,2.0909275657529305,0.12947315017824496
linear,4,4.67360458831971,4.175211862687286,-0.10772573622811822
linear+mono,4,3.376677287309021,2.9391068410141243,0.015647538284996088
rf,4,2.3054744175691564,2.0198015123404347,-0.35471414785442446
rf+mono,4,2.2375677577708304,1.9646033046469977,-0.2747497006138484
linear,5,4.102407494011459,3.510232612286634,0.044834056215572966
linear+mono,5,3.0718198031382244,2.6652302781332295,0.14514282841117687
rf,5,2.1964362589238817,1.9017498741840844,0.007931077246487755
rf+mono,5,2.185241872947966,1.8910532185306896,0.03914268676584461
linear,6,4.438284724107154,3.716726407035278,-0.06558452226629245
linear+mono,6,3.363498541876363,2.8505955090856605,-0.1493578617156527
rf,6,2.4664548315052084,2.079560968392359,-0.13537432351922407
rf+mono,6,2.422939083480774,2.033262418958219,-0.3404079529484903
linear,7,4.28417714829974,3.621315963958039,0.2346746342333717
linear+mono,7,3.0095961458584197,2.549883306738659,-0.07168293942783982
rf,7,2.2986169493458517,2.0334127378578026,0.08423656882389571
rf+mono,7,2.3335158654298978,2.0753806278538582,-0.14571730557934448
linear,8,4.131993861591803,3.5143507205893996,0.041675650929863
linear+mono,8,3.5798950118119457,2.985983387072346,-0.285688469806909
rf,8,2.415427778027663,2.094829319342514,-0.07863840845541308
rf+mono,8,2.356947790912281,2.0438308993075984,-0.22780637848415614
linear,9,3.7981440204210895,3.258138994926505,0.19647884125041107
linear+mono,9,3.369866994354377,2.846616339751474,0.09954356560125815
rf,9,2.291229220173557,1.9190430952724302,0.0848908349158613
rf+mono,9,2.2791516699132917,1.912467882706539,0.11129226325983677
linear,10,6.290516761913153,5.512567635607764,-0.11417232115879275
linear+mono,10,3.645583862174548,3.2046937725636857,0.056571396820829324
rf,10,2.4147329101616544,1.9660210695352136,-0.11086256315302068
rf+mono,10,2.3559482107691396,1.93369347850224,0.0031464800793090516
linear,11,5.317155730369404,4.649501425615259,0.1220681627536103
linear+mono,11,4.617890466405978,4.1498130791141765,0.1082730563995148
rf,11,2.4852181747535735,2.1907140827539586,0.011068455156663715
rf+mono,11,2.4364163531360576,2.1714298379154044,-0.045693395801658314
linear,12,5.022460803507426,4.308487403098103,-0.19381713515496948
linear+mono,12,3.4140828575376165,2.852104998508259,-0.29119513574282646
rf,12,2.3537786184193985,2.010336884374141,0.06272814685213815
rf+mono,12,2.3622466415646537,2.0357995464439336,-0.1997013017317329
linear,13,4.8947276575429,4.3479320841985,0.03864879593267354
linear+mono,13,4.393321152915883,3.893249460331998,0.18859267616460257
rf,13,2.4220142072574737,2.0614508180799325,-0.05554280200503208
rf+mono,13,2.328717453357989,2.005508197634611,0.08848015694302044
linear,14,3.5819897889633454,3.152085339904242,0.002168730189530713
linear+mono,14,2.8253034203812453,2.3995964365512172,0.21174893218064528
rf,14,2.2223054206572472,1.9868355851486945,0.25549597423886655
rf+mono,14,2.189673974930088,1.9693949566630218,0.315140332929614
linear,15,5.403944449564072,4.706757969201226,0.09108297966455829
linear+mono,15,3.7834562834131926,3.362719456694407,-0.18978920945357522
rf,15,2.2446666918720597,1.9677117388579408,0.18455398953529953
rf+mono,15,2.2161189707441618,1.9340317172220696,-0.20446993893155743
linear,16,4.8811645603297995,4.226672346234304,0.08690776268057918
linear+mono,16,3.0280917803031633,2.6809295840828318,-0.2092195727862763
rf,16,2.223029171974562,1.954569435262243,0.03274102694696195
rf+mono,16,2.209861114136884,1.9394754774297505,-0.38217210709853155
linear,17,4.157775893362825,3.406008136104103,-0.011567537825386692
linear+mono,17,3.2905689413432473,2.740145474261701,0.1688743262339664
rf,17,2.5062150624332706,2.1210534622073065,-0.16775263510316146
rf+mono,17,2.4274543606700414,2.055363930136134,0.06071079652428387
linear,18,5.732905887078951,4.849974593563614,-0.021960654145242342
linear+mono,18,4.520516440685471,3.719258217589211,-0.001916791746280469
rf,18,2.2629422556863106,1.9959474659897722,-0.012931001244211524
rf+mono,18,2.2680745279692793,2.007619367624769,-0.11969227115464137
linear,19,5.054848765609345,4.2953834344428286,-0.005242218409179241
linear+mono,19,4.198493587120662,3.6091757625196297,0.07690130747054592
rf,19,2.387352149036679,2.068944426675588,0.12077095362749089
rf+mono,19,2.3809209686214365,2.0448286711932466,0.0704549275523984
linear,20,5.514624444449004,4.839757904851443,0.09641867472380952
linear+mono,20,3.939067483920817,3.525180809953748,0.10073685293241615
rf,20,2.336255590601023,2.011135207152283,0.0716116091838458
rf+mono,20,2.315832347913981,2.0062248212298366,0.09428146998043256
linear,21,6.256971970851266,5.549489600971917,0.04225413282219878
linear+mono,21,4.838750618875285,4.270509904745692,-0.05605661709707174
rf,21,2.3231381324641673,2.009390370989359,-0.09644889046225404
rf+mono,21,2.324260552624174,1.9805086731971342,-0.12286918765447055
linear,22,3.8038422215965224,3.3398643055876365,0.08434097046140267
linear+mono,22,3.102287892233324,2.75763417569535,0.17579070953902382
rf,22,2.5663001350509047,2.2601795341550828,-0.02851325278427838
rf+mono,22,2.506576920004859,2.206733794133477,0.12217053328684725
linear,23,5.571102198641423,4.915826371465309,-0.22397393325959017
linear+mono,23,4.148188476268327,3.6605974699273345,-0.10274393218488909
rf,23,2.359369931205206,2.012335246427704,0.05889263858442973
rf+mono,23,2.321780656409206,2.005707991168312,-0.06299152859444304
linear,24,3.8208489629923954,3.2326299673053613,0.17449771348701582
linear+mono,24,2.912673178152003,2.581995813668837,0.24742218491435208
rf,24,2.340152676658228,2.0244258299085085,0.04421183551681095
rf+mono,24,2.313601748159952,1.9912472048709529,0.13687453947969122
linear,25,4.412156147169944,3.5537443228459207,-0.039282891333574745
linear+mono,25,3.4054812035141495,2.9209665211279754,-0.18730470071423383
rf,25,2.2976791242199788,1.9426539457130203,-0.0795115067435985
rf+mono,25,2.238107897598675,1.9136012315881779,-0.14220315167786224
linear,26,4.321676473315948,3.5810637824826106,0.16924263314795962
linear+mono,26,3.9154243934037716,3.2528006430185887,0.08278665430889333
rf,26,2.517187499868621,2.133659399816529,0.08115135074529853
rf+mono,26,2.505102924448487,2.1479591063267582,0.05314972139442877
linear,27,3.8905239087398558,3.2259010552461596,0.22766713910222094
linear+mono,27,3.078357751010129,2.5878047728128584,0.1830143188163327
rf,27,2.232131920672626,1.9599398957792036,0.19514821534243343
rf+mono,27,2.2629685296062583,1.960336780597773,0.17388294524949827
linear,28,4.152288710048431,3.446612084061398,0.06991459573521616
linear+mono,28,2.774898895252292,2.3964534341440475,-0.012659503045486959
rf,28,2.5301417922083256,2.184744091313683,-0.1434656743143817
rf+mono,28,2.4535490214825537,2.085871211312508,-0.21917430935808443
linear,29,5.115796909240929,4.333866543975315,0.34441589226589087
linear+mono,29,3.3399735003937012,2.8860703533138135,0.35578083440380476
rf,29,2.389864014523371,2.0541650268162246,-0.011285255757714913
rf+mono,29,2.270123111025223,1.9397597313375687,0.1465042295436813
linear,30,5.2270042299835175,4.474545113255315,0.04903040567959486
linear+mono,30,4.299669956266788,3.680691982708742,-0.10905331618082642
rf,30,2.2680276125584817,1.9903101865622237,-0.22786286226396066
rf+mono,30,2.218469199009932,1.9650532460485506,-0.207985273064913
linear,31,4.537033625926557,3.884410016196963,0.07836565587116803
linear+mono,31,2.693819515000184,2.2198010087480116,-0.19701069464308146
rf,31,2.259251673562663,1.8908105121990793,0.1920004641630489
rf+mono,31,2.236509329807113,1.8938394922219681,0.028867513459481287
linear,32,4.516191909232885,3.8397457681263516,-0.02296434172162939
linear+mono,32,3.2395291242269972,2.70422883440962,0.2870964484243398
rf,32,2.3939998796546,2.0635970538377415,-0.08249383154167148
rf+mono,32,2.3498259364732363,2.0299685201801965,0.23645356970137588
linear,33,5.750276029767245,5.201333029983353,-0.07838143684205404
linear+mono,33,3.60205589377287,3.157290206640373,-0.14937413421847962
rf,33,2.231005919190907,1.9387960410259812,0.1465027695400192
rf+mono,33,2.203210107649756,1.895895509182547,-0.12130292249088584
linear,34,4.958959115449476,4.259386309640355,-0.13871362621208772
linear+mono,34,4.351192182775143,3.8325235127595487,-0.16646936160433612
rf,34,2.4318639720105506,2.0514065489656437,-0.19739260530372485
rf+mono,34,2.36972498118585,2.007564119094899,-0.3112976951861092
linear,35,4.213744080304052,3.628619968941126,0.1356254755972082
linear+mono,35,2.9840137433051086,2.529458134891392,0.15886648278419
rf,35,2.2044194052085677,1.9118179540386193,0.299341079811149
rf+mono,35,2.223115876567145,1.9071289582657154,0.02222999070562614
linear,36,3.7255478322360984,3.2603660800840615,0.27541399715244136
linear+mono,36,3.126964110428454,2.764557305197002,0.05064015028710253
rf,36,2.4450944808043866,2.1829226236459562,-0.235212076830907
rf+mono,36,2.3653968413763122,2.120720974112074,-0.19546265914404665
linear,37,3.331384756648684,2.9148959242854193,0.27085722126445533
linear+mono,37,2.3951810036825063,2.1254839715331793,0.32942680605593766
rf,37,2.108501064171252,1.7673502901078968,0.29726177679191373
rf+mono,37,2.1447095615867706,1.8170716876525252,0.22903189131079463
linear,38,6.079463097829224,5.357068973125652,0.05617363756194905
linear+mono,38,4.084434514132129,3.6345813031157252,-0.1237123226572728
rf,38,2.319413701399106,2.0451216510765384,0.02481988279014078
rf+mono,38,2.233882037867771,1.9418382898353732,-0.09710079367244122
linear,39,4.321068650554057,3.5486500146241045,0.11718075559259077
linear+mono,39,2.745881347427032,2.2895820435353427,-0.030281817330342273
rf,39,2.4192015396639768,2.0915774717792477,0.07429975445644565
rf+mono,39,2.342886689924108,2.0390058280468897,-0.048658584752902814
linear,40,5.564127287997406,4.706232548600397,-0.035142660783125376
linear+mono,40,4.1486625700011075,3.3602640660507714,0.05037013348283643
rf,40,2.520858666408032,2.1394525846991876,-0.14160865775587828
rf+mono,40,2.470934782647519,2.1269637667303707,0.03434976274311452
linear,41,3.9764205982120098,3.4066397732399096,0.12128893603126123
linear+mono,41,3.006934629534549,2.557105258808355,-0.01284078671243682
rf,41,2.1701945988505056,1.8362230297987674,0.29474172160366824
rf+mono,41,2.223713448680622,1.9092379329035483,0.1295758653615211
linear,42,4.991989947526985,4.305333103438836,-0.33723041713901497
linear+mono,42,3.708577399000432,3.1344746798100527,-0.22724961343620512
rf,42,2.2930427780128735,1.977943863950544,0.014346014665112143
rf+mono,42,2.231495692744319,1.9213436214515318,-0.0900415243674574
linear,43,4.5619100979806095,4.056938618158798,0.17615949639113712
linear+mono,43,3.960572848905186,3.548298529485227,0.15311916867594377
rf,43,2.129385221526422,1.8572681124536583,0.22637559047385528
rf+mono,43,2.1758674457482963,1.8649548206253495,0.14921679603068774
linear,44,4.2045944521688,3.53258275856916,-0.10516730314825665
linear+mono,44,3.2586106903682133,2.7537976439466663,-0.02661074243664515
rf,44,2.336245419595386,1.976770117628686,-0.18262507545582768
rf+mono,44,2.231181221881049,1.8701065070575371,-0.08943208611588324
linear,45,4.228562370628128,3.6403275695499593,-0.07052999888813546
linear+mono,45,3.589022742759587,3.1486561125706927,-0.16877774656791245
rf,45,2.3302591920507085,2.0374601024702366,-0.03480675567696528
rf+mono,45,2.2425933595230303,1.9423085568977707,-0.03545089087864957
linear,46,4.182666324473898,3.6322699297939924,-0.045386525518597585
linear+mono,46,2.6624912601839155,2.214372849585952,-0.023647382179361884
rf,46,2.2843396903572724,1.9398785180495968,-0.06972173307904714
rf+mono,46,2.2437199371125915,1.8927935542242216,0.016096271590204977
linear,47,3.382557381141348,2.840359090154191,0.26698633743705485
linear+mono,47,2.907113085860263,2.4482906923161454,0.1906311356367317
rf,47,2.204109457499931,1.9017705454375236,0.273752252154324
rf+mono,47,2.2404380237753347,1.9410103124405862,0.25600656980118947
linear,48,4.761162081390371,4.205236362660019,0.2412908572535048
linear+mono,48,2.9592072138890364,2.552802920246795,0.180637209298387
rf,48,2.221515960809054,1.865744464852943,-0.04796295693980478
rf+mono,48,2.1979541229000854,1.8509265864931268,0.03992083948550833
linear,49,4.001900793956114,3.5755809674339027,0.06568300785721161
linear+mono,49,3.7190501166175682,3.297870043938487,-0.10394763343295235
rf,49,2.388147566993216,2.1001833240453487,0.14009121270985828
rf+mono,49,2.348564292171985,2.0537450886276654,-0.08706646202842165
linear,50,6.198931894046979,5.613763212423223,0.11262255986342591
linear+mono,50,4.588580023821831,4.1580376036847735,-0.14555761537733622
rf,50,2.4023433644518275,2.1083935048181246,0.04160502861176063
rf+mono,50,2.3509342672168696,2.0044592753763686,-0.3328572529738519
linear,51,4.282594512977333,3.786476458640057,0.10891272645400771
linear+mono,51,3.5167985199999428,3.039537958867383,0.04209083180518464
rf,51,2.32330809791035,1.9634509614122375,-0.040585485030236686
rf+mono,51,2.2904767640086243,1.9271235569530192,-0.07604307686346837
linear,52,4.842144324864774,4.19625853249778,-0.26118118168300447
linear+mono,52,4.190680643426251,3.7056381394964895,-0.33354798381678985
rf,52,2.22707614709487,1.83403063160217,0.02261743016486282
rf+mono,52,2.2531515038538483,1.892596143018682,-0.27774180427469447
linear,53,5.234762208482457,4.359209163249185,-0.023329303039885785
linear+mono,53,3.106230630927987,2.7046599694187785,-0.05599345962520852
rf,53,2.3912867675117297,2.060125022848216,-0.024792574215607783
rf+mono,53,2.3445940172526702,2.0405821143725564,0.07939579537846356
linear,54,4.6695668913649175,3.9321859988297057,0.09508615669681574
linear+mono,54,3.4957704547931243,2.912458254248385,0.12769684303038462
rf,54,2.5253466972663308,2.1270039380352648,-0.10602911386666826
rf+mono,54,2.492578668738818,2.1195116682666586,-0.045258611682804255
linear,55,4.566124301965402,4.047393712350757,0.13351390102366326
linear+mono,55,3.1640968699118313,2.712614463040499,0.1280809672536519
rf,55,2.216965127389282,1.9101790898960467,-0.03026625302357214
rf+mono,55,2.1798137296395943,1.8592255666342243,0.0353368069866104
linear,56,3.611600987754369,3.1033199559685816,-0.12339793608089279
linear+mono,56,2.8634934067874425,2.459029526678579,-0.0038242195778198256
rf,56,2.2853920969068175,1.9549139192702965,0.049725881527526015
rf+mono,56,2.2232265328658682,1.9124523722752378,0.09755333583075965
linear,57,4.402210821960397,3.8021752176275396,0.12784619633749578
linear+mono,57,3.5310475047234378,3.070770220614188,0.15694013712180782
rf,57,2.1935230134468853,1.8801403137069972,0.08773606985048736
rf+mono,57,2.165643846675966,1.8656910620396334,0.1184557179784466
linear,58,3.1486261201674544,2.529423179992661,0.2271723314419437
linear+mono,58,2.726173410878581,2.2892733314042246,0.06877274382661697
rf,58,2.1919864854675093,1.8773736755218713,0.43031564382659193
rf+mono,58,2.260832495462183,1.918146017208315,0.13529130399521383
linear,59,4.295425146314319,3.403509120565229,0.012417761709313538
linear+mono,59,3.4632007699178926,2.934889643000968,0.13046433965756227
rf,59,2.1705150175113337,1.9023548493532396,0.20529752027818243
rf+mono,59,2.2194703410212506,1.8977037515819437,-0.007921098338323178
linear,60,4.908689249915179,4.294118993460414,-0.087294753687178
linear+mono,60,4.200220339191702,3.7588273463989053,0.12822436295855924
rf,60,2.3761331759060855,2.018599227210723,-0.0033874718252648386
rf+mono,60,2.26947450807276,1.95935920539632,0.18292138317874096
linear,61,3.870345638862859,3.2917141519513775,-0.008583324477469853
linear+mono,61,3.01832470726174,2.5754696304102342,-0.1404266743555573
rf,61,2.312779532761697,1.981234258134733,-0.14760318424148805
rf+mono,61,2.26804891045164,1.962576666648959,-0.3005833369892104
linear,62,5.808061077904336,5.193235697690728,-0.16887494913742948
linear+mono,62,4.480511972848031,4.058297707179497,0.04048490993284241
rf,62,2.3338904325080634,2.070211718656502,0.03618451569672928
rf+mono,62,2.3142115050206424,2.014633148879126,-0.008851846925397927
linear,63,4.431559480522235,3.720800608422554,-0.0516328751883736
linear+mono,63,2.951744286168535,2.5728256867954133,-0.1355997102773754
rf,63,2.2145502351825295,1.9042820704307148,0.045239018795456096
rf+mono,63,2.190410746882812,1.8812064461939042,-0.04079890893412745
linear,64,3.5251485707805394,2.9999681769133297,-0.1966577094331311
linear+mono,64,3.0868934257399676,2.595257670699775,-0.15054033691003765
rf,64,2.36959811859283,2.0147708890108387,0.12262346368319847
rf+mono,64,2.363592953867828,2.032706600893394,0.14893495912096566
linear,65,5.207821345124337,4.497509293635622,0.1828692432332126
linear+mono,65,3.468371266001042,3.0629556730419383,0.0014386258617926269
rf,65,2.2747762814310435,2.015360626752909,0.20206346218886925
rf+mono,65,2.2766395585356367,1.9853453954082907,0.16661979740408486
linear,66,4.459517188790084,3.8858588973125316,0.07858338915528415
linear+mono,66,3.481861473676376,3.0437057550728177,-0.04129412664755338
rf,66,2.3958213612866213,2.019761379980918,-0.0363228129515005
rf+mono,66,2.366685969465879,2.0055532786957717,-0.16762427007001288
linear,67,3.7834701486874973,3.201147670097065,-0.15684486080967752
linear+mono,67,2.8826725294267064,2.5089054531578325,-0.40601161871240027
rf,67,2.214025756916895,1.9368839462862888,0.1912453363239398
rf+mono,67,2.235510462304653,1.9527171912004233,-0.5441071875825088
linear,68,4.308632748962501,3.814903005077859,0.0015179336214541095
linear+mono,68,3.5895864623833265,3.08287239571524,-0.2199615482787486
rf,68,2.3396377170811826,2.014632380359049,-0.06610234017019032
rf+mono,68,2.277090165231045,1.930612313106157,-0.108355335283553
linear,69,3.9777404850133395,3.5566537176500272,0.1131880012337771
linear+mono,69,3.385924084306432,2.9368957504061255,0.20857113618301754
rf,69,2.2639282520242854,1.9968591215810583,0.14765158011027843
rf+mono,69,2.251389610837129,1.9831366284639653,0.17193847818182506
linear,70,5.781413998686109,5.123167692708793,0.07943276323402704
linear+mono,70,3.0036966306556785,2.4282693113309355,-0.03637527077142707
rf,70,2.2117401133910994,1.919029250374216,0.11984210121204122
rf+mono,70,2.2101374875267394,1.9235201608667936,0.1330231696767363
linear,71,5.81809602892956,5.133562096562297,0.12077547548186932
linear+mono,71,4.4281430725444455,3.9528483820641735,-0.11548108677872465
rf,71,2.5067898789395606,2.0908432186044292,-0.20527052459634862
rf+mono,71,2.4416382773107856,2.0467790748013264,-0.3799504586964242
linear,72,3.774783448511227,3.370459959556298,0.2616394009182291
linear+mono,72,2.511677368337887,2.207246551007889,0.3036946296793326
rf,72,2.3761885560033162,2.052316406994361,0.2372442556713449
rf+mono,72,2.342411349561739,2.030585460568045,0.10593788729325665
linear,73,4.631419435221777,3.9938183437783086,-0.01532304378670942
linear+mono,73,3.175897446114028,2.727023878402038,0.25749987714047584
rf,73,2.366635223736311,2.0194562820824906,-0.21015376277364575
rf+mono,73,2.2813939795829867,1.956191342648912,-0.021023685465404028
linear,74,4.491744685667147,3.693779238701739,-0.07967460725749961
linear+mono,74,3.678766335611103,3.1133431626492483,0.05645291843865291
rf,74,2.3204023845566297,2.013947897751385,-0.23284195021380152
rf+mono,74,2.266629814820342,1.9832445822982039,-0.03563718485400096
linear,75,4.154429784068052,3.4997851347220457,-0.18062336970574755
linear+mono,75,3.0675449405480983,2.66104089677976,-0.21826836998027627
rf,75,2.3881129952590694,2.002948304583936,-0.0927545478690424
rf+mono,75,2.3086505723925024,1.9295039333962547,-0.29793549806789543
linear,76,5.029356973504501,4.494061822615198,0.1521343832301729
linear+mono,76,3.7889932308371645,3.2724166371510583,0.1639462705349846
rf,76,2.4668782603624746,2.1212573292723604,-0.08627046033095717
rf+mono,76,2.437434452328249,2.096309252641378,0.021306814663777384
linear,77,5.5222394362090235,4.91978174540674,0.08873126481300649
linear+mono,77,3.8410135356841515,3.4242935344311958,0.04325664240831155
rf,77,2.4271268404502946,2.0785470796169205,-0.2143129920844216
rf+mono,77,2.335839083926245,1.9736518399521605,-0.19586773781875158
linear,78,4.632339604692934,3.8527865859272277,-0.09236253421127362
linear+mono,78,3.5525274618586886,2.9786085867252274,0.021320622185206608
rf,78,2.5223654435730367,2.2042583668858016,-0.039948233516445594
rf+mono,78,2.5120899914035895,2.184487978988459,-0.04898512289310867
linear,79,5.196148373533925,4.47112355570998,-0.14897641661553992
linear+mono,79,4.712267348523672,4.062849249453985,-0.03988506183964448
rf,79,2.323467260738383,2.006097588244777,-0.06960580253128693
rf+mono,79,2.2925594870388437,1.9579199619923728,-0.041506036062345285
linear,80,4.73930914948183,4.168673635505037,-0.03273498209768474
linear+mono,80,2.915223849185273,2.546538795961024,0.07293002194027785
rf,80,2.2976882939222367,1.971703240536074,-0.15846899901172184
rf+mono,80,2.2602069693101186,1.9435774613634198,-0.0769768867462905
linear,81,5.333657196344701,4.740449949474224,0.023855689088875774
linear+mono,81,3.9709805823210798,3.57675629299409,-0.06303190880577465
rf,81,2.390173615417468,2.0665835458750634,-0.200673134938686
rf+mono,81,2.2823996139808065,1.9696742900716901,-0.0954141444275784
linear,82,4.8970252283357745,4.316405142344786,0.09209471154893858
linear+mono,82,3.155749927008096,2.786518712136016,0.15188945713551008
rf,82,2.4449341102661437,2.100670302136151,0.027853334002941193
rf+mono,82,2.4163129905324348,2.066384771750151,0.096267072923422
linear,83,4.4311579093904765,3.674604894767117,0.07817014144480929
linear+mono,83,2.9842468111726363,2.6074554485241457,-0.21157773804980584
rf,83,2.425948155860296,2.107436656654435,-0.027771038236800296
rf+mono,83,2.366539978710498,2.035833701952996,-0.1542689836331045
linear,84,3.926911565787058,3.360172609678398,0.08411779842398848
linear+mono,84,2.822042627873822,2.4329060211381455,0.13422978985257383
rf,84,2.413667002176468,2.083512335025782,0.025875702643181175
rf+mono,84,2.3639421591333614,2.051411122172934,0.1705836821331752
linear,85,4.793687278032536,4.206272112003407,-0.2232341457265204
linear+mono,85,4.09154030041386,3.602250401130039,-0.012429262173094686
rf,85,2.3664863024445713,2.022131866643892,-0.1447555522495254
rf+mono,85,2.2717959754044763,1.9613867542855956,-0.06071890447383641
linear,86,4.530289166412143,4.002688310362899,-0.05680614675940063
linear+mono,86,3.2334001424463543,2.799072024614577,0.054623373342012616
rf,86,2.517563343974421,2.217257401382465,0.05960423224295324
rf+mono,86,2.4699236926830457,2.1835106363781756,-0.030587860074369727
linear,87,5.33863914280891,4.619134778178795,-0.07945530820041276
linear+mono,87,3.3675544128633117,2.8271191210382804,-0.12398580059042495
rf,87,2.3595231215533703,2.043891202426851,-0.10950988366990562
rf+mono,87,2.328916161982103,2.0172502655742264,-0.14129038431782065
linear,88,5.296960861279182,4.6558200114358055,0.18068161637172575
linear+mono,88,4.714568748997406,4.124895845359923,0.1963037119641112
rf,88,2.412648912053392,2.037253704028442,-0.10071367444096552
rf+mono,88,2.3878510162669673,2.0295902303575413,-0.15826324709409023
linear,89,4.348508271496547,3.60866298084357,0.10046097044062036
linear+mono,89,3.7147080797068894,3.0580586962886347,-0.0907687306610279
rf,89,2.3420767790347665,2.0372648671901397,0.20000693334602032
rf+mono,89,2.3193974241250546,2.0378539229110753,0.08946827830173189
linear,90,4.396063477284313,3.7449144666642256,0.11654955559578631
linear+mono,90,3.8283727686990803,3.1886233197602207,-0.054490389667422603
rf,90,2.078902557756966,1.7989956520233963,0.10717083335234548
rf+mono,90,2.0962799602821214,1.7592201332472694,-0.061175138160565155
linear,91,4.8351699215675605,4.435403423599892,-0.11946400036150913
linear+mono,91,3.042143048267051,2.6261227041766992,-0.2509838729370901
rf,91,2.2674033959260482,1.946473713662342,0.19671576015494288
rf+mono,91,2.292757281482724,1.9562521932839376,-0.045888854650001004
linear,92,5.500723895510488,5.012489607311133,0.0950358573790355
linear+mono,92,3.27898452297969,2.8707424458500035,-0.23171193067597368
rf,92,2.256598296052082,1.9913860477569911,0.11682377785251484
rf+mono,92,2.229495870713083,1.9189785074051198,-0.05051904014225898
linear,93,4.820074214623327,4.042773672624866,-0.1208694032054185
linear+mono,93,3.345647630125001,2.8723559394133336,-0.1741389253326147
rf,93,2.442215209549663,2.1433195179324556,-0.12780079677577766
rf+mono,93,2.377157776824953,2.0511724548310974,-0.2560771757905991
linear,94,4.3156327402264765,3.494007357579963,-0.15175931620572652
linear+mono,94,3.0796999266795746,2.503438547318032,-0.15428588630499102
rf,94,2.3436822840371945,2.055352324239731,0.13667001221317204
rf+mono,94,2.3024442332272566,1.9980814935966067,-0.12744397031831875
linear,95,5.050148802339306,4.415195878114086,-0.13314861699141253
linear+mono,95,3.547589649602549,3.090761801799262,-0.30162707107763054
rf,95,2.3161770153115766,1.9443555289378693,0.17832384645981186
rf+mono,95,2.3208566430341486,1.9274498292362476,-0.13491901138122545
linear,96,6.7223332125208906,6.001412454730918,-0.012622893406049348
linear+mono,96,5.396072243129511,4.983236103932709,-0.1371522621767557
rf,96,2.5294716963308943,2.1777061158283337,0.1106154342430966
rf+mono,96,2.532573012590867,2.1798749067945034,0.010879715723993044
linear,97,3.4783868270150293,2.855871831940001,0.172651313990635
linear+mono,97,3.065055553702676,2.5973026312970804,0.08667810383230876
rf,97,2.187799965244168,1.8624504841287515,0.18419928188596482
rf+mono,97,2.1774798514418077,1.8290650573217109,0.1090812970507193
linear,98,5.455321193677558,4.813262567503286,0.015913047608002988
linear+mono,98,3.3478501200763366,2.7837441727696133,0.011461076068081676
rf,98,2.2612270153263694,1.9884698058144643,0.230257925783406
rf+mono,98,2.274266210708114,2.004732514077701,0.1072369411096191
linear,99,4.400032037317677,3.911934686124268,-0.08807537684575086
linear+mono,99,3.3736332108332117,2.884143382805464,-0.024489993300534054
rf,99,2.3654305380709575,2.071230214846815,0.134651062198008
rf+mono,99,2.334448881381382,2.028622539624646,0.13524255751644054
linear,100,5.418104504637991,4.564071807215731,0.09375905549208921
linear+mono,100,2.8286187274593386,2.392589919419062,0.009955095976409506
rf,100,2.2138911902031166,1.9111587483995058,-0.0644735989627373
rf+mono,100,2.25589173902033,1.9224749101341638,-0.21324175254680508
linear,101,5.948568446578946,5.1625942889835095,-0.046967750418639945
linear+mono,101,3.460033351883588,3.038182425720784,0.08231603035493984
rf,101,2.1830023916653207,1.9211523565220794,-0.010997283050088985
rf+mono,101,2.1823615396973213,1.9064512709951682,-0.154921230596144
linear,102,4.878891659568586,4.253459152365895,0.09655341972182807
linear+mono,102,3.4891839568972016,3.0147806718508807,-0.0020153542002139604
rf,102,2.17687051128427,1.9334852112073244,-0.011654915569660668
rf+mono,102,2.140045132213161,1.8686585814958878,-0.047412393003595996
linear,103,3.997347267981347,3.5085572856134455,0.12313766071965455
linear+mono,103,2.964008334817973,2.5733368256272766,0.036827391514945435
rf,103,2.232753748231821,1.8961922022130362,0.30239907398421706
rf+mono,103,2.2831577025601626,1.93433483895425,0.17467327293011228
linear,104,4.4808505175844155,3.5189533211329884,0.24103564206215786
linear+mono,104,3.3878934013442397,2.916129465968566,0.23487112854504452
rf,104,2.089632884120678,1.817762828762084,0.11051143188105586
rf+mono,104,2.181767240331557,1.9231063227066012,0.17707345059013524
linear,105,5.334816097718427,4.645211560406645,-0.309154302998897
linear+mono,105,3.7342692276624745,3.157894870701445,-0.3092784395324815
rf,105,2.364411097574805,2.0337099228899227,0.05366163448196867
rf+mono,105,2.3107786106517514,1.966298220673472,-0.15275437333323838
linear,106,3.9178492229165585,3.1647628587196706,0.2619085607098238
linear+mono,106,3.2760046586682545,2.9013116026330206,-0.02779532834967475
rf,106,2.2489189985733495,1.9430270461485786,0.012247392807513469
rf+mono,106,2.2216082350914936,1.926163218681068,-0.1753982132415352
linear,107,5.281692842986102,4.494597465570263,0.07283388008581668
linear+mono,107,4.240289759482847,3.5165424610233664,0.09687988503794123
rf,107,2.491457718973189,2.103654485093168,0.004893543314163451
rf+mono,107,2.4593592359660246,2.0717089897611745,0.14102649996447061
linear,108,5.4286859637862275,4.783211419434721,0.17354678154183267
linear+mono,108,4.353983363584681,3.9198789800410943,-0.10374290169482656
rf,108,2.236890741390892,1.9182575271179902,0.24850392107083757
rf+mono,108,2.2632834005667615,1.9438103365465198,-0.07495600631261874
linear,109,4.70952998265836,4.078728695803525,-0.1300518532995165
linear+mono,109,3.4886126311140653,2.9656558327246683,0.06279076341550262
rf,109,2.404282568428921,2.037048556794047,0.09741606183425318
rf+mono,109,2.349229238122118,2.013267890780458,0.2535306981568104
linear,110,4.477506912649444,3.7920080962269394,-0.127925335701265
linear+mono,110,3.8646407141914128,3.432022532328434,0.16500258138877716
rf,110,2.2972332283589885,1.9633012129924214,0.01329033032652857
rf+mono,110,2.3170262261116106,1.9971672931703779,0.02993583607381812
linear,111,3.861748996313745,3.3128148147816807,-0.07672432410006166
linear+mono,111,2.8448823087530153,2.337708301275427,-0.15585254200805174
rf,111,2.2467214062210243,1.8947900284093593,-0.03479443632849498
rf+mono,111,2.2337405428293806,1.8740466052570375,-0.16195362988446338
linear,112,4.354389336392229,3.7388249374423443,-0.1511154307431126
linear+mono,112,3.211138389929431,2.826345459653817,-0.05449088444514925
rf,112,2.3158820476152595,2.0321053865077308,0.060733890035837554
rf+mono,112,2.3369020994159584,2.050556512413813,0.16660111286465995
linear,113,3.944539825854548,3.3950920705656364,-0.18502720129629874
linear+mono,113,2.73583490487311,2.2993449408618507,0.1538359209283468
rf,113,2.368788213592633,1.983678618947213,-0.1425441184536499
rf+mono,113,2.286245878184764,1.931220501802429,0.11901475138088402
linear,114,4.994257001749219,4.340520535163236,0.0603622004613199
linear+mono,114,3.773157081918258,3.238063202444991,0.17707330713320557
rf,114,2.3016269191325094,1.987241726751621,-0.11047658744181893
rf+mono,114,2.2373146163946256,1.9281843493933057,-0.08684322396405351
linear,115,4.988725431511283,4.093987456018607,-0.07695649696251605
linear+mono,115,2.9803896604023663,2.505127320873793,-0.21622091494915946
rf,115,1.9740689523104258,1.6801193698455739,0.31413616163062724
rf+mono,115,2.025136506334447,1.738573274669607,0.20998617067257344
linear,116,4.563549125394258,3.964039359293704,0.06754046758779217
linear+mono,116,3.959282184071668,3.5548525448712636,0.08715638143777005
rf,116,2.2956701540391946,2.0044540454037483,-0.03366849502513723
rf+mono,116,2.2450898115127655,1.954697485744456,0.06248702374366105
linear,117,3.3685358252266506,2.743452894155975,0.20811184897518192
linear+mono,117,3.047730994903172,2.546185854524965,0.10759090888139511
rf,117,2.2533002705222476,1.9522031600603138,0.27544073225367616
rf+mono,117,2.2590862310796522,1.937380433879778,0.1481053520363617
linear,118,4.407835604802624,3.9583236172771774,-0.1642104361674238
linear+mono,118,3.3117968548405,2.9026598347990182,-0.010657346255869267
rf,118,2.436195547379637,2.0010345597538413,-0.09917185116440039
rf+mono,118,2.4114863525385037,2.0183398161224297,-0.1336846285243863
linear,119,4.916036344588244,4.08320213096499,0.050275017276004835
linear+mono,119,4.166941280642045,3.5453814026242796,-0.1263990225675756
rf,119,2.2106141223754703,1.9084492475110955,-0.13739409095254493
rf+mono,119,2.1902783021964067,1.9061213250879763,-0.20466905620720716
linear,120,5.5893558696842085,4.693620657945021,-0.3057160900783725
linear+mono,120,4.579408155913757,3.705399692014889,-0.24147650108045468
rf,120,2.4469912360301644,2.1579471620829134,-0.11964749770231993
rf+mono,120,2.382259312620854,2.098006533481578,-0.10223484416345019
linear,121,4.33338371458988,3.619447204588893,0.10683496675635204
linear+mono,121,3.492576138321875,3.1353823214618295,0.021717551680515874
rf,121,2.407716385196991,2.086296773341296,-0.19381949574577537
rf+mono,121,2.3371882836422464,2.019034200984252,-0.14705609785238516
linear,122,3.171163912810277,2.6756312497082333,0.299062864493522
linear+mono,122,2.7036861699159416,2.353276142095067,0.18312670950938556
rf,122,2.1960357563016366,1.9085167601353672,0.14428538411377262
rf+mono,122,2.197866807601226,1.9290561496546657,0.0867056854450377
linear,123,3.887936156070346,3.2134620035964554,-0.11958674436412513
linear+mono,123,3.2704951550842924,2.594416952246932,-0.03238364681303463
rf,123,2.244048123396359,1.9814408556805971,-0.16560459848592135
rf+mono,123,2.164300997395123,1.915365123515368,-0.10286905800372015
linear,124,5.018876824747079,4.258398586819098,0.034545828174599676
linear+mono,124,3.4356577719478647,2.884893602191359,-0.020729905358734726
rf,124,2.2749063099520983,1.9099820675193688,0.11552091626245668
rf+mono,124,2.252350877159279,1.8781160036201534,0.1541183250946098
linear,125,4.263621224228083,3.7608507150473236,-0.08696803388811511
linear+mono,125,3.593447395910871,3.192633370520306,0.11590466244439174
rf,125,2.2547942652134454,1.9832500250518623,0.1894245902306439
rf+mono,125,2.236750766200645,1.9513593159727014,0.23240169501084296
linear,126,4.497003959728083,4.0177600941260145,0.012742670384112136
linear+mono,126,3.4338523838772876,3.066556485084542,0.006119964814201053
rf,126,2.343951372675545,1.9791344905410397,-0.03484832225006826
rf+mono,126,2.320536025528572,2.0013921922617275,0.06412455685499499
linear,127,4.809116012100278,4.337574105911877,-0.19621687333850107
linear+mono,127,3.9049183978535567,3.452731187087128,-0.0537348067498641
rf,127,2.3575135420251527,2.039131568177412,-0.1761376291901381
rf+mono,127,2.2965947621231084,1.9912800786862692,-0.12567367784205866
linear,128,4.216925710339141,3.7653086327012013,0.1423031635645066
linear+mono,128,3.0618814332944266,2.6654717601455173,0.16484975275194252
rf,128,2.287000094758535,1.91715542812577,-0.07812017465797266
rf+mono,128,2.2545428475068214,1.8843104044639472,0.04827818710921955
linear,129,4.752325035064309,4.124910270449861,-0.14173439247531627
linear+mono,129,3.9278855151172634,3.4118545173873724,0.058379038235939484
rf,129,2.3199816008226013,1.9608132655939752,0.17409281938725957
rf+mono,129,2.3010379148010505,1.9487335989963361,0.24530213884858768
linear,130,5.3810082073069,4.688945837935041,-0.10304794971402256
linear+mono,130,4.834596883507709,4.266914175701023,-0.08307094573725864
rf,130,2.423789574372959,2.0841325489611027,0.033285200375303546
rf+mono,130,2.3664145870390603,2.0345563097707893,0.052914597163351756
linear,131,3.366981844095566,2.81215902023972,0.22598437183808298
linear+mono,131,2.9399034630567953,2.474088137775204,0.06023400658644112
rf,131,2.264136932701079,1.9790526921885918,0.1436195853291959
rf+mono,131,2.2278795850177646,1.9366278214539563,0.09239224555091081
linear,132,4.488532329173124,3.8548141619234455,0.007858360949289623
linear+mono,132,4.195057643724609,3.5627330554239807,0.018107959531051872
rf,132,2.309620223006341,1.9608434705945061,-0.025175068018708658
rf+mono,132,2.2975057880046217,1.990662153256698,0.11832268543082135
linear,133,4.209066482927077,3.449911248916893,-0.06419706311571623
linear+mono,133,3.192427175898038,2.8229950223268094,-0.006460201838395662
rf,133,2.3775509281980547,1.99420091692401,-0.23486623573696253
rf+mono,133,2.3216277528669176,1.9465045911565477,-0.07201626558757888
linear,134,3.6215352145757347,2.99028173135132,0.06050130052815902
linear+mono,134,2.5597126804370784,2.139614239663607,0.07321666181351283
rf,134,2.2387072986105023,1.9428429548620505,0.1414653584824414
rf+mono,134,2.208346891643436,1.918401513407288,0.12391438716076049
linear,135,3.629626356944377,3.218179078188796,0.08624472610096048
linear+mono,135,3.048398090336426,2.690376299234525,0.3504419703119063
rf,135,2.239252068859991,1.927698354519633,0.042562425303198585
rf+mono,135,2.192682898233204,1.9089621998524937,0.3692225310622673
linear,136,4.974768358900447,4.281463123465315,-0.1652910839616946
linear+mono,136,3.999010228446402,3.5363443186317984,-0.2613639692183265
rf,136,2.329765548528608,2.0062548396501327,-0.08235287977656762
rf+mono,136,2.2688446465497565,1.951116159547327,0.0002315113773840638
linear,137,5.622598909416842,4.980301486347468,-0.01020283267538942
linear+mono,137,4.930502926436825,4.357410815754131,0.07465875604295136
rf,137,2.345779235840845,1.9885719973697524,0.13622100733950013
rf+mono,137,2.3223310650461872,2.0046889256681024,0.17071143007386108
linear,138,4.180784732039591,3.739913637048837,0.1602293639825174
linear+mono,138,3.4355454631298876,3.0850116626315613,0.06821702398205003
rf,138,2.049967750144713,1.734004010405863,0.25696557420680854
rf+mono,138,2.1271195580364424,1.7906539861062747,0.13379055940364648
linear,139,4.077184448848543,3.5587962578437358,0.06681738664015315
linear+mono,139,2.701891607184682,2.2927934027056134,0.07973478667523862
rf,139,2.5994229495656933,2.2305381921393153,0.044158320129291086
rf+mono,139,2.590273853781164,2.2612526158214665,0.042537450447392273
linear,140,4.369149082610039,3.7696422784049304,-0.1210616938385976
linear+mono,140,2.86047948903065,2.4470175541998533,0.00038904005803923444
rf,140,2.3845404175769365,2.089946142106161,0.038979058701706794
rf+mono,140,2.3319479111219827,2.039281309909467,0.05430894414949118
linear,141,4.199748586823954,3.738316831611841,-0.09253896596205478
linear+mono,141,3.4719462294830823,3.0395863953060296,-0.08723411464778787
rf,141,2.492265480579494,2.1754872735493618,-0.05740396354172517
rf+mono,141,2.4253287678975264,2.122422017741487,0.05722497916504033
linear,142,5.665662850540338,4.906281987400155,-0.16351923447142938
linear+mono,142,2.874384312555092,2.43756846208758,-0.17353839452551265
rf,142,2.2667511547577996,1.9292849734663948,-0.06103081083866237
rf+mono,142,2.2422029826077767,1.9299884506907419,-0.09856269889662174
linear,143,4.710565162993204,4.022560485701634,0.12633753159365854
linear+mono,143,3.3181388355438313,2.8481521146830806,-0.04429344316515156
rf,143,2.374232337540583,2.0736636574775535,0.005575229665344045
rf+mono,143,2.3560729683769135,2.0489449668617468,-0.2777926744912166
linear,144,4.855221421282329,4.264281482056615,-0.22664038371438297
linear+mono,144,3.809374098519782,3.313411421180035,-0.27190840389738485
rf,144,2.2583713788395245,1.951873840271515,-0.0872525432723354
rf+mono,144,2.245388030338336,1.935368113787212,-0.14135886233266565
linear,145,4.723151828747948,4.069594931621403,0.056768741255827926
linear+mono,145,3.18764877587617,2.7707135360693744,-0.030269734362395086
rf,145,2.4499211819708275,2.1105423787692237,-0.04418261548910484
rf+mono,145,2.440937265341436,2.0786290255727398,-0.17993060103741526
linear,146,5.562854441814947,4.905186965725104,-0.17507712190035127
linear+mono,146,3.578293473516938,3.0822944997544917,-0.06007919957507311
rf,146,2.4418798139250626,2.134607512555558,-0.16320651595185798
rf+mono,146,2.3469907347121985,1.994791808254598,-0.12445815347844702
linear,147,3.5164915891849478,3.1448471560205564,0.1052792767216861
linear+mono,147,3.18106832551757,2.792797950061571,0.16165312262710738
rf,147,2.4819443760624567,2.1267797378837714,0.0028231773485927897
rf+mono,147,2.4720526291789633,2.1047102044131476,0.12166030814570178
linear,148,5.429336402895431,4.847058555542125,0.0635315448465382
linear+mono,148,3.4812634575260457,3.151812168110534,0.11994613596841547
rf,148,2.196013650862247,1.9094213267410727,0.28114802423055163
rf+mono,148,2.191746555203223,1.9096782935024121,0.24105753025605284
linear,149,4.868837378245461,4.091203129903539,-0.05942624319483885
linear+mono,149,4.1723644750549775,3.557698215088892,0.05203142516476184
rf,149,2.331416529849997,1.9927379738378594,-0.055706363698117885
rf+mono,149,2.2560927267221524,1.8913130094748947,0.08196851216245217
