arm,n,rmse,mae,bias,max_abs_err,rho_within,pred_std,true_std,range_ratio,mono_viol_rate,neg_rate,n_zero,false_alarm,fold,rep
cnn,7,2.3095664314973914,2.08520813533238,0.08252153124128078,4.3655314445495605,0.0,1.0010441541671753,2.1747164957149456,0.46031018578266614,0.3333333333333333,0.0,1,1.0,T1,1
cnn,7,2.2377901596763294,1.5250678062438965,-0.35867361613682336,4.230533800125122,0.28571428571428575,0.9543566107749939,2.1747164957149456,0.43884185026207095,0.5,0.0,1,1.0,T1,2
cnn+mono,7,1.7855100729720135,1.4625890513828825,0.08252153124128034,3.44929567972819,0.6123724356957946,0.613275583766614,2.1747164957149456,0.2820025437683533,0.0,0.0,1,1.0,T1,1
cnn+mono,7,1.7845545966731036,1.3909841591971261,-0.35867361613682347,3.182930073738098,0.790569415042095,0.6442196383233669,2.1747164957149456,0.2962315499940959,0.0,0.0,1,1.0,T1,2
cnn,3,1.0154390521268615,0.8266546567281088,0.2743871370951334,1.6515626907348633,1.0,1.236589789390564,2.0535876465888236,0.6021607071140306,0.0,0.0,1,1.0,T2,1
cnn,3,1.938591904481942,1.5218646367390951,0.4753782908121744,2.9958643913269043,1.0,0.17937712371349335,2.0535876465888236,0.08734817041359465,0.0,0.0,1,1.0,T2,2
cnn+mono,3,1.0154390521268615,0.8266546567281088,0.2743871370951334,1.6515626907348633,1.0,1.2365897421824728,2.0535876465888236,0.6021606841259243,0.0,0.0,1,1.0,T2,1
cnn+mono,3,1.938591904481942,1.5218646367390951,0.4753782908121744,2.9958643913269043,1.0,0.17937712680239254,2.0535876465888236,0.08734817191774237,0.0,0.0,1,1.0,T2,2
cnn,9,2.712273801975348,2.459558131959703,-1.6543371571434866,3.855062980651855,0.5774109120414489,0.5631278157234192,2.4793950875163078,0.22712306665394058,0.25,0.0,2,1.0,T3,1
cnn,9,2.8235439515949854,2.5205393791198727,-1.8013502650790743,4.3073231220245365,0.6610936529170212,0.5339307188987732,2.4793950875163078,0.21534717140769577,0.375,0.0,2,1.0,T3,2
cnn+mono,9,2.6716744819782448,2.4126197655995685,-1.6543371571434866,3.855062980651855,0.965953104489588,0.5337593019706239,2.4793950875163078,0.2152780348150598,0.0,0.0,2,1.0,T3,1
cnn+mono,9,2.7815048264425957,2.5205393791198727,-1.8013502650790743,4.073311977386474,0.9745013620514428,0.45325210037032454,2.4793950875163078,0.18280753343928022,0.0,0.0,2,1.0,T3,2
cnn,8,2.1922669334621894,1.8927693185210228,-1.727101322710514,4.473030796051026,0.9523809523809524,0.8296607732772827,2.0673741648526036,0.4013113771964131,0.2857142857142857,0.0,1,1.0,T4,1
cnn,8,2.2430327728727533,1.8310255314968527,-1.8193703321553767,4.709451427459717,0.9285714285714287,0.8734987378120422,2.0673741648526036,0.42251603636263857,0.42857142857142855,0.0,1,0.0,T4,2
cnn+mono,8,2.173797017210552,1.8541853767633438,-1.727101322710514,4.473030796051026,0.9880235200593538,0.8251522248444829,2.0673741648526036,0.39913056807658875,0.0,0.0,1,1.0,T4,1
cnn+mono,8,2.224036918547338,1.8310255314968527,-1.8193703321553767,4.59686469078064,0.9819805060619657,0.8710961477216771,2.0673741648526036,0.42135389061698136,0.0,0.0,1,0.0,T4,2
cnn,4,2.169854043018952,2.0313957118988037,1.4940154337882996,3.081205654144287,0.9486832980505139,2.97418475151062,1.6194675050769003,1.836520178507312,0.3333333333333333,0.25,2,0.5,T5,1
cnn,4,2.100816062854129,1.949252941608429,1.4465075516700745,3.001052665710449,0.9486832980505139,2.953775644302368,1.6194675050769003,1.823917821779393,0.3333333333333333,0.25,2,0.5,T5,2
cnn+mono,4,2.0252944295785342,1.7627055728435517,1.7627055728435517,3.081205654144287,1.0,2.551965704116441,1.6194675050769003,1.5758054398228023,0.0,0.0,2,1.0,T5,1
cnn+mono,4,1.9770650941496022,1.6978802466392517,1.6978802466392517,3.001052665710449,1.0,2.575438525296429,1.6194675050769003,1.5902995998515788,0.0,0.0,2,1.0,T5,2
cnn,6,5.700348014205023,5.134599400758742,-5.134599400758742,8.385510787963867,0.028571428571428574,1.894160270690918,1.8637633671925438,1.0163094221259226,0.6,1.0,1,0.0,T6,1
cnn,6,5.664825188143496,5.0955064924558,-5.0955064924558,8.12022434234619,-0.2571428571428572,2.0979974269866943,1.8637633671925438,1.1256780039340435,0.6,1.0,1,0.0,T6,2
cnn+mono,6,3.290402710915489,2.7116666666666664,-2.7116666666666664,5.08,,0.0,1.8637633671925438,0.0,0.0,0.0,1,0.0,T6,1
cnn+mono,6,3.290402710915489,2.7116666666666664,-2.7116666666666664,5.08,,0.0,1.8637633671925438,0.0,0.0,0.0,1,0.0,T6,2
cnn,4,1.0395961038814285,0.8768835866451263,0.4685540592670441,1.7377125024795532,0.9486832980505139,0.5681609511375427,1.3563254587303153,0.4188972104596563,0.3333333333333333,0.0,2,1.0,T7,1
cnn,4,0.8791374919544858,0.7337884551286697,0.7337884551286697,1.5598876476287842,0.9486832980505139,1.121015191078186,1.3563254587303153,0.8265089944765852,0.0,0.0,2,1.0,T7,2
cnn+mono,4,1.0019083179902069,0.8768835866451263,0.4685540592670441,1.3454376459121704,1.0,0.49584980541314266,1.3563254587303153,0.36558320292632274,0.0,0.0,2,1.0,T7,1
cnn+mono,4,0.8791374919544858,0.7337884551286697,0.7337884551286697,1.5598876476287842,0.9486832980505139,1.1210151060430948,1.3563254587303153,0.8265089317813886,0.0,0.0,2,1.0,T7,2
cnn,5,1.8875010965195027,1.678085696220398,1.678085696220398,3.156284809112549,0.8944271909999157,1.0887889862060547,1.1018965468681712,0.9881045451141752,0.25,0.0,3,1.0,T8,1
cnn,5,2.02095678281151,1.7503399605751038,1.7503399605751038,3.0726401805877686,0.44721359549995787,1.0828921794891357,1.1018965468681712,0.9827530384471664,0.5,0.0,3,1.0,T8,2
cnn+mono,5,1.8559784635860759,1.678085696220398,1.678085696220398,2.613135814666748,0.9176629354822471,1.0331782011582875,1.1018965468681712,0.9376362999728095,0.0,0.0,3,1.0,T8,1
cnn+mono,5,1.8975807954765367,1.7503399605751038,1.7503399605751038,2.6097532510757446,0.8838834764831843,0.9265467886567689,1.1018965468681712,0.8408654980272111,0.0,0.0,3,1.0,T8,2
