tagA,armA,tagB,armB,delta_mean,ci_lo,ci_hi,n_spec,p_ttest,p_wilcoxon
Step2_default,cnn,Step2_default,cnn+mono,-0.43170341717683997,-1.253474107215665,0.390067272861985,8,0.25415738167625634,0.015625
Step2_stft_first_c1,cnn,Step2_stft_first_c1,cnn+mono,-0.12141096705810589,-0.24096228105314121,-0.0018596530630705654,8,0.04736816159655802,0.0625
Step2_wave_first_c2,cnn,Step2_wave_first_c2,cnn+mono,-0.16491927151863192,-0.5327599878773689,0.20292144484010508,8,0.3242732633461724,0.03125
Step2_wave_first_c2_anch,cnn,Step2_wave_first_c2_anch,cnn+mono,-0.16491927151863192,-0.5327599878773689,0.20292144484010508,8,0.3242732633461724,0.03125
Step2_wave_first_c2_ch2dup,cnn,Step2_wave_first_c2_ch2dup,cnn+mono,-0.3855703584806464,-1.128566501779221,0.35742578481792814,8,0.2594504904484454,0.015625
Step2_wave_first_c2_ch2rand,cnn,Step2_wave_first_c2_ch2rand,cnn+mono,-0.45630006466010764,-1.294302807451,0.3817026781307845,8,0.2388310593556987,0.015625
Step2_wave_first_c2_ch2shuffle,cnn,Step2_wave_first_c2_ch2shuffle,cnn+mono,-0.39641630662982835,-1.0836816480944493,0.2908490348347926,8,0.2148257095164839,0.015625
Step2_wave_first_c2_ch2zero,cnn,Step2_wave_first_c2_ch2zero,cnn+mono,-0.3479988665960707,-1.0110754432328024,0.3150777100406611,8,0.2545751024329471,0.015625
Step2_wave_zero_c1,cnn,Step2_wave_zero_c1,cnn+mono,-0.6121905158885828,-1.8678042816562226,0.6434232498790571,8,0.28679498244774526,0.015625
Step2_wave_zero_c2,cnn,Step2_wave_zero_c2,cnn+mono,-0.23739873438324688,-0.56429453408911,0.08949706532261625,8,0.1296365897393657,0.015625
Step1(mean_zero),linear,Step1(mean_zero),linear+mono,-0.7572623814619897,-1.3363627651304257,-0.17816199779355357,8,0.017515102888672935,0.0078125
Step1(mean_zero),rf,Step1(mean_zero),rf+mono,-0.1001110945204701,-0.19331297247911142,-0.006909216561828774,8,0.03866864690498548,0.015625
Step1(mean_zero),svr,Step1(mean_zero),svr+mono,-0.14807812158513745,-0.2999890430116206,0.003832799841345713,8,0.05459038148701693,0.0078125
Step1(mean_zero),gpr,Step1(mean_zero),gpr+mono,-0.15652190403789618,-0.3282444921523739,0.015200684076581539,8,0.06807770535214978,0.0078125
Step1(first),linear,Step1(first),linear+mono,-0.3443794830484277,-0.6257678227360449,-0.06299114336081046,8,0.02318467520097374,0.0078125
Step1(first),rf,Step1(first),rf+mono,-0.036501902745886994,-0.07408766521830873,0.0010838597265347485,8,0.055280700568754795,0.03125
Step1(first),svr,Step1(first),svr+mono,-0.06936225950288327,-0.10584159051474543,-0.03288292849102112,8,0.0028113509712863792,0.0078125
Step1(first),gpr,Step1(first),gpr+mono,-0.0727787604064522,-0.10341707562091759,-0.042140445191986814,8,0.000801606328121099,0.0078125
Step1(first),rf+mono,Step2_wave_first_c2,cnn+mono,-0.15276307079678986,-0.8458091223746733,0.5402829807810936,8,0.6182938256899005,0.25
Step1(first),linear+mono,Step2_wave_first_c2,cnn+mono,-0.5544094141294119,-2.3032583723517486,1.1944395440929245,8,0.47791543749970467,0.84375
Step2_wave_first_c2,cnn+mono,Step2_wave_first_c2_anch,cnn+mono+anchor,-0.010059352865870688,-0.14936066734695408,0.12924196161521267,8,0.8692461812460897,1.0
Step2_wave_zero_c2,cnn+mono,Step2_wave_first_c2,cnn+mono,0.14199171666455496,-0.5705989624861936,0.8545823958153036,8,0.6518446448005315,0.7421875
Step2_wave_first_c2,cnn+mono,Step2_wave_first_c2_ch2shuffle,cnn+mono,0.3447159437802529,-0.07255892800597702,0.7619908155664827,8,0.09170095748489164,0.078125
Step2_wave_first_c2,cnn+mono,Step2_wave_first_c2_ch2rand,cnn+mono,0.43894330334772486,-0.014553882424239717,0.8924404891196894,8,0.05591147968588457,0.0546875
Step2_wave_first_c2,cnn+mono,Step2_wave_first_c2_ch2dup,cnn+mono,0.3040119780550983,0.018235334088454902,0.5897886220217416,8,0.040072709718482515,0.0390625
Step2_wave_first_c2,cnn+mono,Step2_wave_first_c2_ch2zero,cnn+mono,0.2759411781893806,-0.05053292130884007,0.6024152776876013,8,0.08579393643659446,0.109375
Step2_default,cnn+mono,Step2_wave_first_c2,cnn+mono,-0.3913565506761044,-0.6501555511663997,-0.13255755018580923,8,0.009026774904883779,0.0078125
Step2_default,cnn+mono,Step2_wave_first_c2_ch2shuffle,cnn+mono,-0.04664060689585153,-0.3550872451274955,0.26180603133579244,8,0.7312119994841986,0.8125
