specimen,cycle,rep,n_rows,n_cols,time_ok,pp_ch1,rms_ch1,pp_ch2,rms_ch2,mean_ch2,n_unique_ch2,quant_step_ch2,argmax_ch2_s
T1,50000,1,4000,3,True,4.24,0.2866168892792372,0.508002,0.048668935810327205,-0.00475213025,118,0.003999999999999976,5.285e-05
T1,50000,2,4000,3,True,4.279999999999999,0.28652755521956874,0.648002,0.06249491061615338,-0.0037301139999999997,145,0.003999999999999976,5.49e-05
T1,60000,1,4000,3,False,4.24,0.2861384280378992,0.358,0.04575462818120152,-0.003191,149,0.001999999999999974,0.00013145
T1,60000,2,4000,3,False,4.24,0.2861419228285153,0.368,0.045642863626201194,-0.0019404999999999997,152,0.001999999999999974,0.000128
T1,62500,1,4000,3,False,4.24,0.28619573721493474,0.29,0.043444642937881306,-0.0031295000000000003,140,0.001999999999999974,0.0001093
T1,62500,2,4000,3,False,4.24,0.2859909089464209,0.286,0.04365771409499128,-2.2000000000000074e-05,136,0.001999999999999974,0.00013204999999999998
T1,65500,1,4000,3,False,4.24,0.2858733985525761,0.28400000000000003,0.043208783829216946,0.00024950000000000037,134,0.001999999999999988,0.00013879999999999999
T1,65500,2,4000,3,False,4.24,0.2863801669110485,0.314,0.04315545156755981,-0.0010105,134,0.001999999999999988,0.0001657
T1,69025,1,4000,3,False,4.24,0.28635572283437954,0.318,0.0360359265178516,-0.000354,126,0.001999999999999988,0.0001738
T1,69025,2,4000,3,False,4.24,0.286058036069606,0.266,0.03599165180982946,-0.0035345,120,0.001999999999999988,0.0001528
T1,70026,1,4000,3,False,4.24,0.28629076128998643,0.22799999999999998,0.031969970284628044,-0.0035905,107,0.001999999999999988,0.00018109999999999998
T1,70026,2,4000,3,False,4.24,0.28617686838736633,0.28200000000000003,0.0312189685928283,-0.001939,112,0.001999999999999988,0.0001682
T1,70766,1,4000,3,False,4.24,0.2856655386986677,0.252,0.030161084198019144,-5.849999999999994e-05,113,0.001999999999999988,0.00017855
T1,70766,2,4000,3,False,4.24,0.28626072032327454,0.238,0.03007977725981361,-0.00021049999999999975,113,0.001999999999999988,0.00017825
T2,50000,1,4000,3,False,1.88,0.10052860289489754,0.248,0.032775600680994395,0.00012700000000000027,120,0.001999999999999988,0.00014745
T2,50000,2,4000,3,False,1.92,0.10274044967781677,0.266,0.03292471715899774,-0.0011425,123,0.001999999999999988,0.0001495
T2,70033,1,4000,3,False,1.8399999999999999,0.1000059998200108,0.262,0.0292583663248651,0.000771,120,0.001999999999999988,0.00018219999999999998
T2,70033,2,4000,3,False,1.8399999999999999,0.10112170884632043,0.268,0.029387225115685898,0.0003635,121,0.001999999999999988,0.00018209999999999998
T2,72000,1,4000,3,False,1.92,0.10281245060789086,0.1976,0.023363694913262328,-0.0006621999999999999,199,0.0007999999999999952,0.0001673
T2,72000,2,4000,3,False,1.92,0.1027131929208707,0.2032,0.023736392312228075,-0.0033288000000000002,206,0.0007999999999999952,5.6649999999999995e-05
T3,14000,1,4000,3,False,1.92,0.11250422214299337,0.2032,0.021781603246776856,-0.0013566000000000001,211,0.0007999999999999952,0.0001963
T3,14000,2,4000,3,False,1.8399999999999999,0.10944039473613022,0.2032,0.021662960093209793,-0.0010532,203,0.0007999999999999952,0.00019645
T3,50000,1,4000,3,False,1.88,0.11033947616333875,0.2032,0.02441013232245987,-0.007587,211,0.0007999999999999952,0.00019454999999999999
T3,50000,2,4000,3,False,1.88,0.11070501343661,0.2032,0.023628498047908165,0.00017120000000000012,207,0.0007999999999999952,0.0001946
T3,55391,1,4000,3,False,1.7999999999999998,0.10969958978957031,0.2032,0.027370249542157995,-0.0064272,213,0.0007999999999999952,0.0001351
T3,55391,2,4000,3,False,1.92,0.11015988380531272,0.2032,0.026535437437509867,8.379999999999994e-05,220,0.0007999999999999952,0.0001357
T3,57038,1,4000,3,False,1.92,0.11173003177301974,0.2032,0.02429329125499466,-0.004467400000000001,216,0.0007999999999999952,0.00019449999999999998
T3,57038,2,4000,3,False,1.8399999999999999,0.10900642182917482,0.2032,0.02457090962907153,-0.004317199999999999,215,0.0007999999999999952,0.00019434999999999998
T3,60035,1,4000,3,False,1.8399999999999999,0.10858729207416493,0.2032,0.025233431791969956,-0.0026903999999999995,227,0.0007999999999999952,0.00019395
T3,60035,2,4000,3,False,1.8399999999999999,0.10907795377618705,0.2032,0.02521295539995262,0.0003012000000000001,231,0.0007999999999999952,0.0001941
T3,62017,1,4000,3,False,1.88,0.11050248865975824,0.1752,0.021637870505204528,-0.0012632,202,0.0007999999999999952,0.00019449999999999998
T3,62017,2,4000,3,False,1.8,0.11062007051163907,0.18,0.02179308514185176,-0.0016908,210,0.0007999999999999952,0.00019449999999999998
T3,64019,1,4000,3,False,1.88,0.11104953849521393,0.1752,0.019748142191102436,-0.0009336,190,0.0007999999999999952,0.0001974
T3,64019,2,4000,3,False,1.88,0.11196428001822724,0.1824,0.019721002002940927,-0.0020706,189,0.0007999999999999952,0.00019989999999999998
T3,65029,1,4000,3,False,1.92,0.11155447099959732,0.18159999999999998,0.018791964240068147,0.0022512,192,0.0007999999999999952,0.0001924
T3,65029,2,4000,3,False,1.88,0.11121151019566275,0.18719999999999998,0.019856110394535983,-0.0063718,191,0.0007999999999999952,0.0001996
T3,66012,1,4000,3,False,1.92,0.1114073606185875,0.172,0.018443396650291943,-0.0011846,181,0.0007999999999999952,0.00019439999999999998
T3,66012,2,4000,3,False,1.88,0.11058209620006305,0.16720000000000002,0.01804282017867495,-0.00010839999999999997,189,0.0007999999999999952,0.0001918
T3,66510,1,4000,3,False,1.8399999999999999,0.10888709749093325,0.17120000000000002,0.01765734747916572,-0.0014325999999999998,183,0.0007999999999999952,0.00019439999999999998
T3,66510,2,4000,3,False,1.92,0.11061645447219867,0.156,0.016927081260512695,-0.00011080000000000005,178,0.0007999999999999952,0.00019185
T4,55900,1,4000,3,False,1.8399999999999999,0.11010722047168388,0.21400000000000002,0.03198685667582859,0.0014605000000000002,107,0.001999999999999988,0.00015125
T4,55900,2,4000,3,False,1.92,0.11222833866720117,0.21200000000000002,0.03206823973965518,2.3000000000000047e-05,105,0.001999999999999988,0.0001514
T4,60200,1,4000,3,False,1.92,0.11190889151448155,0.21,0.03320611389488388,-0.009921,104,0.001999999999999988,0.00015415
T4,60200,2,4000,3,False,1.88,0.11169422545503416,0.248,0.031839739320540926,0.0011955,108,0.001999999999999988,0.0001514
T4,65001,1,4000,3,False,1.92,0.11184811129384349,0.21,0.028049830659025374,-0.0037915,103,0.001999999999999988,0.0001931
T4,65001,2,4000,3,False,1.88,0.10920256407246122,0.212,0.028010480181532054,-0.0005554999999999999,104,0.001999999999999988,0.0001904
T4,67054,1,4000,3,False,1.92,0.11054049031915862,0.238,0.027018863780699585,0.00021250000000000012,111,0.001999999999999988,0.0001517
T4,67054,2,4000,3,False,1.8399999999999999,0.11133552892046636,0.246,0.027260484221671488,-0.004875,113,0.001999999999999988,0.00014925
T4,70016,1,4000,3,False,1.92,0.11125646048657128,0.22599999999999998,0.02832569504884214,0.004173500000000001,110,0.001999999999999988,8.319999999999999e-05
T4,70016,2,4000,3,False,1.8399999999999999,0.11027964454059506,0.32,0.03183739939128195,-0.005012000000000001,136,0.001999999999999974,8.09e-05
T4,71130,1,4000,3,False,1.92,0.11264279826069663,0.28600000000000003,0.029742713393367457,-0.008403500000000001,127,0.001999999999999974,8.09e-05
T4,71130,2,4000,3,False,1.88,0.11203213824613008,0.188,0.026302186220920877,-0.007714500000000001,93,0.001999999999999988,0.0001941
T4,73210,1,4000,3,False,1.8399999999999999,0.11067791107533607,0.226,0.025864280388211074,-0.0084855,105,0.001999999999999988,0.00019439999999999998
T4,73210,2,4000,3,False,1.92,0.1114073606185875,0.238,0.026450860099437222,-0.008945,109,0.001999999999999988,8.085e-05
T4,75045,1,4000,3,False,1.88,0.10928494864344312,0.258,0.025327751578061563,-0.005348500000000001,115,0.001999999999999988,0.00015989999999999998
T4,75045,2,4000,3,False,1.92,0.11111075555498667,0.24,0.026259988575778173,-0.0097695,111,0.001999999999999988,8.09e-05
T5,42000,1,4000,3,False,1.92,0.11284148173433385,0.1016,0.008908977494639887,0.0021567,159,0.0003999999999999976,2.6799999999999998e-05
T5,42000,2,4000,3,False,1.92,0.1134283915075939,0.1016,0.008770685263991634,0.0012376999999999998,161,0.0003999999999999976,4.1899999999999995e-05
T5,46000,1,4000,3,False,1.92,0.11215703277102154,0.15360000000000001,0.017164363081687593,-0.0049976000000000005,173,0.0007999999999999952,0.00019075
T5,46000,2,4000,3,False,1.92,0.11166915420114902,0.16,0.015096839404325662,-0.004098,165,0.0007999999999999952,0.00019255
T5,51000,1,4000,3,False,1.92,0.11333843125789239,0.14800000000000002,0.006960609168743782,0.0021526,79,0.0007999999999999986,0.00016329999999999998
T5,51000,2,4000,3,False,1.92,0.11140377013368982,0.09040000000000001,0.008857304330325338,-0.0063596,77,0.0007999999999999952,5.0799999999999995e-05
T5,56000,1,4000,3,False,1.88,0.11130139262381222,0.1728,0.009580588708424969,0.0047758,109,0.0007999999999999952,0.0001826
T5,56000,2,4000,3,False,1.92,0.11162974513990435,0.1352,0.007316895516542518,-0.0031576,86,0.0007999999999999986,0.00012009999999999999
T6,55000,1,4000,3,False,4.24,0.28576213884977836,0.2032,0.05206794945069375,-0.0007327999999999999,233,0.0007999999999999952,0.0001355
T6,55000,2,4000,4,False,4.24,0.28581252596763496,0.2032,0.052545431770992225,-0.0009040000000000002,244,0.0007999999999999952,4.7449999999999995e-05
T6,60078,1,4000,4,False,4.24,0.2857544400354962,0.508,0.08602976810383718,-0.0014774999999999996,241,0.001999999999999974,0.0001567
T6,60078,2,4000,4,False,4.24,0.2857474409334229,0.508,0.08729060086859294,-0.0017515000000000002,245,0.001999999999999974,0.00015664999999999999
T6,68091,1,4000,5,False,4.24,0.2859636340516046,0.2032,0.05169003772488467,-0.0005702000000000001,239,0.0007999999999999952,5.1149999999999996e-05
T6,68091,2,4000,7,False,4.24,0.28566413845633476,0.2032,0.05135983956361235,-0.0011702,239,0.0007999999999999952,0.00014
T6,69018,1,4000,7,False,4.24,0.2855394893880704,0.508,0.08235798686223456,-0.0010019999999999999,241,0.001999999999999974,0.0001585
T6,69018,2,4000,5,False,4.24,0.28580412873154926,0.508,0.08245487250611694,-0.001104,246,0.001999999999999974,0.00015855
T6,72516,1,4000,3,False,4.24,0.2859020811396797,0.2032,0.05190622313364747,0.00014919999999999994,248,0.0007999999999999952,4.895e-05
T6,72516,2,4000,5,False,4.24,0.28592236708589275,0.2032,0.05119568575573531,0.00020260000000000024,244,0.0007999999999999952,0.00012805
T6,73211,1,4000,5,False,4.24,0.2858076276099013,0.2032,0.047950441082434264,-0.0008036000000000003,249,0.0007999999999999952,0.00013005
T6,73211,2,4000,3,False,4.24,0.28608040827711356,0.2032,0.04826125568196501,-0.001588,247,0.0007999999999999952,0.0001283
T7,36001,1,4000,3,False,1.92,0.11069055966973877,0.27,0.03216370625409951,-0.004944,124,0.001999999999999974,0.0001469
T7,36001,2,4000,3,False,1.92,0.11259484890526743,0.264,0.033355884038652014,-0.0105215,121,0.001999999999999988,0.0001469
T7,40167,1,4000,3,False,1.88,0.10946597644930593,0.268,0.031482455431557435,-0.0105155,123,0.001999999999999988,0.00014735
T7,40167,2,4000,3,False,1.92,0.11117373790603607,0.252,0.03451564862493533,-0.014853000000000002,121,0.001999999999999974,0.000147
T7,44054,1,4000,3,False,1.92,0.11101351269102333,0.24,0.030156889760053172,0.008940000000000002,116,0.001999999999999988,0.0001986
T7,44054,2,4000,3,False,1.92,0.11232987136109435,0.29200000000000004,0.028961439881331867,-0.0085625,122,0.001999999999999988,0.0001985
T7,47022,1,4000,3,False,1.92,0.11105314043285765,0.254,0.03073675324428395,0.0017510000000000002,119,0.001999999999999988,0.00019815
T7,47022,2,4000,3,False,1.8399999999999999,0.11007815405428999,0.28600000000000003,0.031115574878186003,0.0050795,119,0.001999999999999988,0.00019879999999999998
T8,40000,1,4000,3,False,1.88,0.11104773748257998,0.2032,0.03133992469678253,0.0015642,236,0.0007999999999999952,0.00016879999999999998
T8,40000,2,4000,3,False,1.92,0.11317420200734794,0.2032,0.032019074315164084,-0.0054567999999999995,239,0.0007999999999999952,0.00016889999999999999
T8,50000,1,4000,3,False,1.92,0.11339135769537288,0.2032,0.03529470441865182,-0.0034636000000000003,232,0.0007999999999999952,0.00016935
T8,50000,2,4000,3,False,1.8399999999999999,0.11213028136948555,0.2032,0.03516928887538103,-0.0003018000000000001,239,0.0007999999999999952,0.00016925
T8,70000,1,4000,3,False,1.92,0.11137504208753414,0.2032,0.033940295814857004,-0.0017235999999999998,239,0.0007999999999999952,0.0001692
T8,70000,2,4000,3,False,1.92,0.11122229992227278,0.2032,0.033935234786280764,-0.005177,237,0.0007999999999999952,0.00016915
T8,74883,1,4000,3,False,1.92,0.11333843125789239,0.2032,0.033955290603969214,-0.0014977999999999999,245,0.0007999999999999952,0.0001695
T8,74883,2,4000,3,False,1.92,0.11132115701878056,0.2032,0.034046880620697106,-0.0034812,234,0.0007999999999999952,0.00017114999999999999
T8,76931,1,4000,3,False,1.88,0.11103332832983077,0.2032,0.03456380766061517,-0.005407,241,0.0007999999999999952,0.00017099999999999998
T8,76931,2,4000,3,False,1.92,0.11141274612897754,0.2032,0.03445710841031208,-0.0045498000000000005,236,0.0007999999999999952,0.0001695
