source,arm,n_spec,rmse_mean,rmse_sd,ci_t_lo,ci_t_hi,ci_t_hw,t_crit,dof,ci_boot_lo,ci_boot_hi,boot_hw
Step1(mean_zero),gpr,8,1.937217889172707,0.8905926108152865,1.1926638338823006,2.6817719444631134,0.7445540552904064,2.364624251592784,7,1.3877282598572176,2.5263729465617617,0.569322343352272
Step1(mean_zero),gpr+mono,8,1.7806959851348105,0.930710238482652,1.0026027537883355,2.5587892164812853,0.778093231346475,2.364624251592784,7,1.2083802010142513,2.393972140865606,0.5927959699256774
Step1(mean_zero),linear,8,2.2586221585095547,1.4169510365055047,1.074021447066048,3.443222869953061,1.1846007114435066,2.364624251592784,7,1.4039886635487193,3.2122330390374545,0.9041221877443676
Step1(mean_zero),linear+mono,8,1.5013597770475648,0.9088402060222153,0.7415503503947358,2.261169203700394,0.759809426652829,2.364624251592784,7,0.9458920297396382,2.1116597300015103,0.5828838501309361
Step1(mean_zero),rf,8,1.6634928261160493,0.8351216478756396,0.965313656386134,2.3616719958459647,0.6981791697299153,2.364624251592784,7,1.1424718219885743,2.221824595428811,0.5396763867201183
Step1(mean_zero),rf+mono,8,1.5633817315955794,0.7800743475635605,0.9112232566057958,2.215540206585363,0.6521584749897835,2.364624251592784,7,1.075737059771296,2.081866654465915,0.5030647973473095
Step1(mean_zero),single_best,8,1.9250215478473385,0.7587323543410354,1.2907054257008657,2.5593376699938113,0.6343161221464729,2.364624251592784,7,1.4431770032961566,2.4185637471655,0.48769337193467166
Step1(mean_zero),single_best+mono,8,1.9074908856823274,0.7496061410566714,1.2808044687768376,2.534177302587817,0.6266864169054897,2.364624251592784,7,1.4369774557689856,2.3936129260975076,0.478317735164261
Step1(mean_zero),single_tof,8,2.3578904283225652,0.4654604962022546,1.9687557153053337,2.7470251413397966,0.38913471301723157,2.364624251592784,7,2.080647928199297,2.6788251730778474,0.29908862243927525
Step1(mean_zero),svr,8,1.9368651040778384,0.8703236854908636,1.2092562944175997,2.6644739137380773,0.7276088096602387,2.364624251592784,7,1.3954421200076301,2.508025494596419,0.5562916872943944
Step1(mean_zero),svr+mono,8,1.7887869824927007,0.9267718741076634,1.0139863061607173,2.563587658824684,0.7748006763319834,2.364624251592784,7,1.2199607552498053,2.398227808833185,0.58913352679169
Step1(first),gpr,8,1.855020940663469,0.6808795613485009,1.2857913822660618,2.424250499060876,0.5692295583974072,2.364624251592784,7,1.4164241867230163,2.292006605054439,0.43779120916571146
Step1(first),gpr+mono,8,1.7822421802570165,0.7095250883861062,1.1890643619450618,2.3754199985689715,0.5931778183119547,2.364624251592784,7,1.3245477648175012,2.234974060294394,0.45521314773844646
Step1(first),linear,8,2.591127883710029,2.0680894667231056,0.8621618217274805,4.3200939456925775,1.7289660619825484,2.364624251592784,7,1.500253669841101,4.095873103150079,1.2978097166544889
Step1(first),linear+mono,8,2.246748400661601,2.138012606125839,0.4593251312323363,4.034171670090865,1.7874232694292647,2.364624251592784,7,1.1648014595885563,3.8091225084310754,1.3221605244212595
Step1(first),rf,8,1.881603960074866,0.5096711672333725,1.4555082011163312,2.3076997190334008,0.4260957589585347,2.364624251592784,7,1.5315351941355808,2.1731212874155403,0.32079304663997976
Step1(first),rf+mono,8,1.8451020573289791,0.5038970062725033,1.4238336177385886,2.26637049691937,0.42126843959039056,2.364624251592784,7,1.50079792573852,2.138081536772857,0.3186418055171685
Step1(first),single_best,8,1.9486716690152486,0.6751572903115534,1.3842260489239653,2.513117289106532,0.5644456200912833,2.364624251592784,7,1.5131742957927934,2.373554980574136,0.43019034239067133
Step1(first),single_best+mono,8,1.9439206139309162,0.6726037457408993,1.3816098105250136,2.506231417336819,0.5623108034059026,2.364624251592784,7,1.5110786816803639,2.3654928615696527,0.4272070899446444
Step1(first),single_tof,8,2.424366516420736,0.5133152669928276,1.995224213822791,2.853508819018681,0.429142302597945,2.364624251592784,7,2.114249231527406,2.777232836765194,0.331491802618894
Step1(first),svr,8,1.882324439149231,0.679683842861386,1.3140945264234314,2.450554351875031,0.5682299127257997,2.364624251592784,7,1.4519915244002917,2.3156167812637243,0.4318126284317163
Step1(first),svr+mono,8,1.8129621796463478,0.7151453098844311,1.2150857385776002,2.4108386207150954,0.5978764410687475,2.364624251592784,7,1.3565581250775995,2.2685790771236727,0.45601047602303657
Step2_default,cnn,8,2.515398954385134,1.5698817672106073,1.2029449525120421,3.8278529562582255,1.3124540018730917,2.364624251592784,7,1.6931103137980923,3.653211228254769,0.9800504572283384
Step2_default,cnn+mono,8,2.0836955372082935,0.7163353755163442,1.4848241763731542,2.682566898043433,0.5988713608351393,2.364624251592784,7,1.625324485498262,2.5408255960557407,0.4577505552787393
Step2_stft_first_c1,cnn,8,2.330837925946766,0.5108926313251339,1.9037209974524996,2.757954854441033,0.42711692849426663,2.364624251592784,7,1.995414758675751,2.6517494930670127,0.3281673671956309
Step2_stft_first_c1,cnn+mono,8,2.2094269588886606,0.5191022477743905,1.77544661928426,2.643407298493061,0.4339803396044007,2.364624251592784,7,1.8821162090911054,2.554862909939043,0.3363733504239689
Step2_wave_first_c2,cnn,8,1.857258258050821,1.2589954598065622,0.8047117134157169,2.909804802685925,1.052546544635104,2.364624251592784,7,1.1376595692554172,2.7337898107628047,0.7980651207536937
Step2_wave_first_c2,cnn+mono,8,1.6923389865321892,0.9120241888240623,0.9298676836429068,2.4548102894214714,0.7624713028892823,2.364624251592784,7,1.119927824238784,2.282745570408771,0.5814088730849936
Step2_wave_first_c2_anch,cnn,8,1.857258258050821,1.2589954598065622,0.8047117134157169,2.909804802685925,1.052546544635104,2.364624251592784,7,1.1376595692554172,2.7337898107628047,0.7980651207536937
Step2_wave_first_c2_anch,cnn+anchor,8,1.6876137699751135,0.8876541938937789,0.9455162927075581,2.4297112472426687,0.7420974772675554,2.364624251592784,7,1.1326391636652935,2.2587826694712896,0.563071752902998
Step2_wave_first_c2_anch,cnn+mono,8,1.6923389865321892,0.9120241888240623,0.9298676836429068,2.4548102894214714,0.7624713028892823,2.364624251592784,7,1.119927824238784,2.282745570408771,0.5814088730849936
Step2_wave_first_c2_anch,cnn+mono+anchor,8,1.6822796336663184,0.8920066404071993,0.9365434200532692,2.428015847279368,0.7457362136130492,2.364624251592784,7,1.1251617702020202,2.2552878010271256,0.5650630154125527
Step2_wave_first_c2_ch2dup,cnn,8,2.381921323067934,1.5204149029722283,1.1108226546255437,3.653019991510324,1.2710986684423902,2.364624251592784,7,1.58292721845935,3.4817010370671295,0.9493869093038898
Step2_wave_first_c2_ch2dup,cnn+mono,8,1.9963509645872874,0.7662672642195366,1.355735500139793,2.636966429034782,0.6406154644474944,2.364624251592784,7,1.5173632593186803,2.4904700286747934,0.48655338467805653
Step2_wave_first_c2_ch2rand,cnn,8,2.5875823545400216,1.5208398181451588,1.3161284481231437,3.8590362609568993,1.271453906416878,2.364624251592784,7,1.8467261678816616,3.697526013208061,0.9253999226631998
Step2_wave_first_c2_ch2rand,cnn+mono,8,2.131282289879914,0.6087224121302174,1.6223776178741487,2.6401869618856795,0.5089046720057653,2.364624251592784,7,1.7629161632341355,2.539716135084743,0.38839998592530367
Step2_wave_first_c2_ch2shuffle,cnn,8,2.43347123694227,1.4216218965839624,1.2449655887511681,3.621976885133372,1.188505648191102,2.364624251592784,7,1.6799097504902325,3.4602766005765995,0.8901834250431835
Step2_wave_first_c2_ch2shuffle,cnn+mono,8,2.0370549303124417,0.7249685089318297,1.4309660893227358,2.6431437713021477,0.6060888409897058,2.364624251592784,7,1.5855821463597481,2.511703828795447,0.4630608412178495
Step2_wave_first_c2_ch2zero,cnn,8,2.3162790313176407,1.4570113444593908,1.0981870642977563,3.534370998337525,1.2180919670198844,2.364624251592784,7,1.5254948591756392,3.3597202802852806,0.9171127105548207
Step2_wave_first_c2_ch2zero,cnn+mono,8,1.9682801647215697,0.7842848986665724,1.312601580918077,2.6239587485250624,0.6556785838034925,2.364624251592784,7,1.4668777541048286,2.470245496802609,0.5016838713488903
Step2_wave_zero_c1,cnn,8,2.7464334863050324,2.105842495909201,0.985905102068011,4.506961870542054,1.7605283842370214,2.364624251592784,7,1.6611700212651004,4.2753511154848365,1.3070905471098682
Step2_wave_zero_c1,cnn+mono,8,2.1342429704164494,0.8405838878243652,1.4314972538104378,2.836988687022461,0.7027457166060115,2.364624251592784,7,1.577797803378914,2.6612830590115717,0.5417426278163289
Step2_wave_zero_c2,cnn,8,1.787746004250881,1.030489053088794,0.926235596358259,2.649256412143503,0.861510407892622,2.364624251592784,7,1.1383666949573779,2.4586070542373406,0.6601201796399814
Step2_wave_zero_c2,cnn+mono,8,1.5503472698676344,0.794505943626439,0.8861236786367755,2.214570861098493,0.6642235912308588,2.364624251592784,7,1.0453656049401423,2.060497689944458,0.5075660425021578
