mode,gid,n,D_end,t25,t55,t85,eae_max,eae_late_med,eae_end
no_dmg,016,50118,0.942,46.88734586376152,47.88499142024821,95.7719781316094,1.0,0.0,0.0
no_dmg,020,58893,0.865,73.01207274209159,73.86107007623997,74.71006741038833,1.0,0.0,1.0
no_dmg,023,233012,0.597,10.514050778500678,12.445281788062418,23.818086622148215,1.0,0.0,0.0
no_dmg,024,124117,0.966,14.5016395820073,71.3028835695352,71.7057292715744,1.0,0.0,1.0
no_dmg,025,212562,0.798,11.525578419472907,73.86033251474863,,1.0,0.0,1.0
no_dmg,026,183053,0.6,14.202990390761144,85.22067379392854,,1.0,0.0,0.011
no_full,016,50118,0.503,89.78610479268926,,,0.373,0.011,0.049
no_full,020,58893,0.078,,,,0.307,0.001,0.307
no_full,023,233012,0.597,10.514050778500678,12.445281788062418,28.10971108784097,1.0,0.073,0.342
no_full,024,124117,0.6,14.904485284046503,90.23663156537783,,0.316,0.0,0.155
no_full,025,212562,0.537,11.525578419472907,73.86033251474863,,0.257,0.0,0.257
no_full,026,183053,0.6,14.202990390761144,85.22067379392854,,0.94,0.0,0.283
no_accum,016,50118,0.049,8.97681471726725,44.89205475078814,44.89205475078814,1.0,0.011,0.049
no_accum,020,58893,1.0,71.31407807379485,71.31407807379485,71.31407807379485,1.0,0.002,1.0
no_accum,023,233012,0.6,6.222426312807924,6.866169982661837,23.60350539886358,1.0,0.073,0.342
no_accum,024,124117,1.0,13.293102475889684,13.293102475889684,71.3028835695352,1.0,0.001,1.0
no_accum,025,212562,1.0,4.704039292065374,4.704039292065374,99.97036158861886,1.0,0.0,1.0
no_accum,026,183053,0.6,13.656700518429087,13.929845454595116,14.202990390761144,1.0,0.0,0.283
