th2,th3,gid,t_L1,t25,t55,tL2_eff,gap12,t85,tL3_eff,gap23
0.1,0.3,016,46.88734586376152,45.889700307274836,46.88734586376152,59.0,12.112654136238483,95.7719781316094,95.7719781316094,36.7719781316094
0.1,0.3,017,85.86552466250734,84.77859176974414,85.86552466250734,88.04347826086956,2.1779535983622225,86.95245755527054,88.04347826086956,0.0
0.1,0.3,018,70.99165104787869,70.99165104787869,70.99165104787869,95.71428571428571,24.722634666407018,72.41154086442893,,
0.1,0.3,019,77.52269487583465,76.27228849376047,77.52269487583465,77.52269487583465,0.0,80.023507639983,80.023507639983,2.5008127641483497
0.1,0.3,020,72.16307540794323,72.16307540794323,73.01207274209159,,,73.86107007623997,,
0.1,0.5,016,46.88734586376152,45.889700307274836,46.88734586376152,59.0,12.112654136238483,95.7719781316094,95.7719781316094,36.7719781316094
0.1,0.5,017,85.86552466250734,84.77859176974414,85.86552466250734,88.04347826086956,2.1779535983622225,86.95245755527054,89.1304347826087,1.0869565217391397
0.1,0.5,018,70.99165104787869,70.99165104787869,70.99165104787869,95.71428571428571,24.722634666407018,72.41154086442893,,
0.1,0.5,019,77.52269487583465,76.27228849376047,77.52269487583465,77.52269487583465,0.0,80.023507639983,,
0.1,0.5,020,72.16307540794323,72.16307540794323,73.01207274209159,,,73.86107007623997,,
0.15,0.3,016,46.88734586376152,45.889700307274836,46.88734586376152,87.0,40.11265413623848,95.7719781316094,95.7719781316094,8.771978131609401
0.15,0.3,017,85.86552466250734,84.77859176974414,85.86552466250734,88.04347826086956,2.1779535983622225,86.95245755527054,88.04347826086956,0.0
0.15,0.3,018,70.99165104787869,70.99165104787869,70.99165104787869,95.71428571428571,24.722634666407018,72.41154086442893,,
0.15,0.3,019,77.52269487583465,76.27228849376047,77.52269487583465,77.52269487583465,0.0,80.023507639983,80.023507639983,2.5008127641483497
0.15,0.3,020,72.16307540794323,72.16307540794323,73.01207274209159,,,73.86107007623997,,
0.15,0.5,016,46.88734586376152,45.889700307274836,46.88734586376152,87.0,40.11265413623848,95.7719781316094,95.7719781316094,8.771978131609401
0.15,0.5,017,85.86552466250734,84.77859176974414,85.86552466250734,88.04347826086956,2.1779535983622225,86.95245755527054,89.1304347826087,1.0869565217391397
0.15,0.5,018,70.99165104787869,70.99165104787869,70.99165104787869,95.71428571428571,24.722634666407018,72.41154086442893,,
0.15,0.5,019,77.52269487583465,76.27228849376047,77.52269487583465,77.52269487583465,0.0,80.023507639983,,
0.15,0.5,020,72.16307540794323,72.16307540794323,73.01207274209159,,,73.86107007623997,,
