cfg,n55,n85,D_end_med,t25_med,nA,nE,nD,nC,A_lead_med,mean_abs_err,label
rise0.12_fall0.008_acc_scale0.02_estrain_w0.6_lift2_13b554,5,5,0.9420129656791687,73.01207274209159,5,0,0,0,25.98792725790841,2.9999983545544735,default
rise0.084_fall0.008_acc_scale0.02_estrain_w0.6_lift2_73b238,5,4,0.9373684525489807,73.86107007623997,5,0,0,0,24.289932589611666,4.290572217788681,risex0.7
rise0.156_fall0.008_acc_scale0.02_estrain_w0.6_lift2_a113aa,5,5,0.9481877684593201,72.16307540794323,5,0,0,0,25.98792725790841,2.0490234249796146,risex1.3
rise0.12_fall0.0056_acc_scale0.02_estrain_w0.6_lift2_ecf151,5,5,0.952024519443512,73.01207274209159,5,0,0,0,25.98792725790841,2.9999983545544735,fallx0.7
rise0.12_fall0.0104_acc_scale0.02_estrain_w0.6_lift2_0accbe,5,4,0.9348925948143005,73.01207274209159,5,0,0,0,25.98792725790841,2.9999983545544735,fallx1.3
rise0.12_fall0.008_acc_scale0.014_estrain_w0.6_lift2_df697d,5,5,0.94822096824646,73.01207274209159,5,0,0,0,25.98792725790841,2.465939114829591,acc_scalex0.7
rise0.12_fall0.008_acc_scale0.026_estrain_w0.6_lift2_44907f,5,5,0.917543351650238,73.01207274209159,5,0,0,0,25.98792725790841,2.9999983545544735,acc_scalex1.3
rise0.12_fall0.008_acc_scale0.02_estrain_w0.42_lift2_532b09,5,5,0.9395079016685486,73.01207274209159,5,0,0,0,25.98792725790841,2.9999983545544735,estrain_wx0.7
rise0.12_fall0.008_acc_scale0.02_estrain_w0.78_lift2_31cb22,5,5,0.9481309056282043,73.01207274209159,5,0,0,0,25.98792725790841,2.9999983545544735,estrain_wx1.3
rise0.12_fall0.008_acc_scale0.02_estrain_w0.6_lift1.4_5308ff,5,5,0.9420129656791687,73.01207274209159,5,0,0,0,25.98792725790841,2.9999983545544735,liftx0.7
rise0.12_fall0.008_acc_scale0.02_estrain_w0.6_lift2.6_628efc,5,5,0.9395076036453247,73.01207274209159,5,0,0,0,25.98792725790841,2.9999983545544735,liftx1.3
