组号,文件,大小MB,hit数,时间跨度h,t_min_s,t_max_s,通道1,通道2,幅值最小,幅值中位,幅值P90,每小时中位,每小时峰值,起始时刻,采样率kHz,波形数
L1-06,L1-06.DTA,274.5,6189719,50.58,30.4,182131.9,4144210,2045509,62.0,67.0,74.0,110280.0,304998.0,2020-05-28 13:30:57,1000/1000,0
L1-13,L1-13.DTA,459.3,10485872,59.84,23.2,215437.0,8940363,1545509,62.0,69.0,80.0,139561.0,486780.0,2020-05-25 15:50:04,1000/1000,0
L1-14,L1-14.DTA,585.9,13596836,52.49,23.4,188993.0,9415946,4180890,62.0,71.0,82.0,256785.0,375044.0,2020-05-20 14:20:00,1000/1000,0
L1-24,L1-24.DTA,197.3,4191234,68.89,18.3,248005.3,1137877,3053357,60.0,65.0,76.0,42355.0,368919.0,2020-05-12 12:58:08,1000/1000,654
L1-25,L1-25-1.DTA,246.0,4171534,243.69,21.4,877307.0,2555015,1616519,62.0,76.0,91.0,21899.0,58102.0,2020-08-26 12:04:11,1000/1000,0
L1-25,L1-25-2.DTA,174.6,3362718,110.79,16.7,398843.1,2329792,1032926,62.0,64.0,70.0,23388.0,87248.0,2020-09-29 16:07:27,1000/1000,0
L1-27,L1-27.DTA,1128.9,26079969,120.13,23.1,432508.2,2660196,23419773,62.0,67.0,77.0,281116.5,379624.0,2020-07-17 11:19:05,1000/1000,0
L1-29,L1-29.DTA,395.1,7535512,364.8,3.1,1313273.2,5343928,2191584,62.0,63.0,86.0,22635.5,113670.0,2020-09-13 11:48:18,1000/1000,0
L1-30,L1-30-1.DTA,0.6,2239,1.68,17.2,6058.0,1135,1104,62.0,91.0,99.0,1119.5,2212.0,2020-07-08 16:30:38,1000/1000,0
L1-30,L1-30-2.DTA,0.2,1717,0.21,21.3,791.7,832,885,62.0,70.0,94.0,1717.0,1717.0,2020-07-09 12:10:56,1000/1000,0
L1-31,L1-31-1.DTA,190.9,3794911,108.9,18.4,392073.8,2821014,973897,62.0,63.0,72.0,43207.0,99057.0,2020-07-27 14:16:58,1000/1000,0
L1-31,L1-31-2.DTA,535.9,11625150,165.81,35.0,596967.3,10546441,1078709,62.0,66.0,79.0,121605.5,203559.0,2020-08-19 12:51:17,1000/1000,0
L1-34,L1-34.DTA,1.5,33361,0.19,36.6,722.9,7097,26264,62.0,67.0,76.0,33361.0,33361.0,2020-07-08 14:20:59,1000/1000,0
L1-35,L1-35-1.DTA,61.9,1334254,20.68,19.0,74474.9,1309877,24377,62.0,66.0,72.0,604.5,312953.0,2020-07-09 15:19:43,1000/1000,0
L1-35,L1-35-2.DTA,115.6,2592079,23.15,20.7,83365.2,2524602,67477,62.0,66.0,73.0,129872.0,254083.0,2020-07-10 12:21:07,1000/1000,0
L1-35,L1-35-3.DTA,37.3,832136,7.93,601.0,29146.8,822682,9454,62.0,65.0,71.0,187000.0,240188.0,2020-07-11 11:32:49,1000/1000,0
L1-35,L1-35-4.DTA,158.8,3674942,15.54,17.3,55957.5,3594402,80540,62.0,66.0,70.0,232550.5,265551.0,2020-07-11 19:50:24,1000/1000,0
L1-35,L1-35-5.DTA,202.9,4643380,27.6,18.5,99364.1,4400068,243312,62.0,66.0,73.0,214120.0,344867.0,2020-07-13 12:21:51,1000/1000,0
L1-35,L1-35-6.DTA,54.2,1163464,18.35,21.2,66093.7,989515,173949,62.0,67.0,75.0,18.5,241353.0,2020-07-14 16:12:50,1000/1000,0
L1-35,L1-35-7.DTA,185.5,4253057,23.89,15.0,86027.6,3349132,903925,62.0,69.0,82.0,292277.0,394586.0,2020-07-15 11:21:20,1000/1000,0
L1-35,L1-35-8.DTA,85.1,1990951,4.53,17.4,16320.4,1402607,588344,62.0,69.0,78.0,473680.0,481448.0,2020-07-16 11:52:23,1000/1000,0
L1-36,L1-36.DTA,10.2,238575,0.7,13.1,2534.3,193690,44885,62.0,67.0,79.0,238575.0,238575.0,2020-07-08 11:02:59,1000/1000,0
L1-41,L1-41.DTA,217.0,2996566,313.42,39.5,1128364.8,1599895,1396671,65.0,77.0,91.0,5627.0,214996.0,2020-10-19 11:59:32,1000/1000,0
L1-44,L1-44-1.DTA,0.6,12479,0.2,22.0,739.7,6589,5890,62.0,83.0,95.0,12479.0,12479.0,2020-10-07 11:59:05,1000/1000,0
L1-44,L1-44-2.DTA,1906.4,44615237,117.3,21.5,422314.2,42705875,1909362,62.0,63.0,79.0,424997.5,484182.0,2020-10-07 12:59:43,1000/1000,0
L1-44,L1-44-3.DTA,1549.1,36211634,81.32,422314.2,715074.3,32999882,3211752,62.0,64.0,68.0,437411.5,601649.0,2020-10-07 12:59:43,1000/1000,0
